This is pdfTeX, Version 3.141592653-2.6-1.40.28 (MiKTeX 25.12) (preloaded format=pdflatex 2026.5.16)  19 MAY 2026 12:29
entering extended mode
 restricted \write18 enabled.
 file:line:error style messages enabled.
 %&-line parsing enabled.
**c:/Users/sousou/Desktop/Book_Maths_Bac_Eco/examens/examen_blanc_1.tex
(c:/Users/sousou/Desktop/Book_Maths_Bac_Eco/examens/examen_blanc_1.tex
LaTeX2e <2025-11-01>
L3 programming layer <2025-12-24>

c:/Users/sousou/Desktop/Book_Maths_Bac_Eco/examens/examen_blanc_1.tex:14: LaTeX Error: Missing \begin{document}.

See the LaTeX manual or LaTeX Companion for explanation.
Type  H <return>  for immediate help.
 ...                                              
                                                  
l.14 \begin{center}
                   
You're in trouble here.  Try typing  <return>  to proceed.
If that doesn't work, type  X <return>  to quit.


Overfull \hbox (20.0pt too wide) in paragraph at lines 14--14
[] 
 []

LaTeX Font Info:    External font `cmex10' loaded for size
(Font)              <7> on input line 16.
LaTeX Font Info:    External font `cmex10' loaded for size
(Font)              <5> on input line 16.
c:/Users/sousou/Desktop/Book_Maths_Bac_Eco/examens/examen_blanc_1.tex:18: Undefined control sequence.
<recently read> \multirow 
                          
l.18   \multirow
                {3}{*}{%
The control sequence at the end of the top line
of your error message was never \def'ed. If you have
misspelled it (e.g., `\hobx'), type `I' and the correct
spelling (e.g., `I\hbox'). Otherwise just continue,
and I'll forget about whatever was undefined.

Missing character: There is no 3 in font nullfont!
Missing character: There is no * in font nullfont!
c:/Users/sousou/Desktop/Book_Maths_Bac_Eco/examens/examen_blanc_1.tex:19: Undefined control sequence.
l.19     \centering\small
                         
The control sequence at the end of the top line
of your error message was never \def'ed. If you have
misspelled it (e.g., `\hobx'), type `I' and the correct
spelling (e.g., `I\hbox'). Otherwise just continue,
and I'll forget about whatever was undefined.

c:/Users/sousou/Desktop/Book_Maths_Bac_Eco/examens/examen_blanc_1.tex:22: Undefined control sequence.
l.22   & \centering\bfseries\small
                                  
The control sequence at the end of the top line
of your error message was never \def'ed. If you have
misspelled it (e.g., `\hobx'), type `I' and the correct
spelling (e.g., `I\hbox'). Otherwise just continue,
and I'll forget about whatever was undefined.

c:/Users/sousou/Desktop/Book_Maths_Bac_Eco/examens/examen_blanc_1.tex:24: Undefined control sequence.
l.24   & \multirow
                  {3}{=}{\centering\small Royaume du Maroc\\Minist\`{e}re de...
The control sequence at the end of the top line
of your error message was never \def'ed. If you have
misspelled it (e.g., `\hobx'), type `I' and the correct
spelling (e.g., `I\hbox'). Otherwise just continue,
and I'll forget about whatever was undefined.

Missing character: There is no 3 in font nullfont!
Missing character: There is no = in font nullfont!
c:/Users/sousou/Desktop/Book_Maths_Bac_Eco/examens/examen_blanc_1.tex:24: Undefined control sequence.
l.24   & \multirow{3}{=}{\centering\small
                                          Royaume du Maroc\\Minist\`{e}re de...
The control sequence at the end of the top line
of your error message was never \def'ed. If you have
misspelled it (e.g., `\hobx'), type `I' and the correct
spelling (e.g., `I\hbox'). Otherwise just continue,
and I'll forget about whatever was undefined.

Missing character: There is no R in font nullfont!
Missing character: There is no o in font nullfont!
Missing character: There is no y in font nullfont!
Missing character: There is no a in font nullfont!
Missing character: There is no u in font nullfont!
Missing character: There is no m in font nullfont!
Missing character: There is no e in font nullfont!
Missing character: There is no d in font nullfont!
Missing character: There is no u in font nullfont!
Missing character: There is no M in font nullfont!
Missing character: There is no a in font nullfont!
Missing character: There is no r in font nullfont!
Missing character: There is no o in font nullfont!
Missing character: There is no c in font nullfont!
Missing character: There is no M in font nullfont!
Missing character: There is no i in font nullfont!
Missing character: There is no n in font nullfont!
Missing character: There is no i in font nullfont!
Missing character: There is no s in font nullfont!
Missing character: There is no t in font nullfont!
LaTeX Font Info:    Trying to load font information for +cmr on input line 24.
LaTeX Font Info:    No file cmr.fd. on input line 24.

LaTeX Font Warning: Font shape `/cmr/m/n' undefined
(Font)              using `/cmr/m/n' instead on input line 24.

c:/Users/sousou/Desktop/Book_Maths_Bac_Eco/examens/examen_blanc_1.tex:24: Corrupted NFSS tables.
wrong@fontshape ...message {Corrupted NFSS tables}
                                                  error@fontshape else let f...
l.24 ...tering\small Royaume du Maroc\\Minist\`{e}
                                                  re de l'\'{E}ducation Nati...
This error message was generated by an \errmessage
command, so I can't give any explicit help.
Pretend that you're Hercule Poirot: Examine all clues,
and deduce the truth by order and method.


LaTeX Font Warning: Font shape `/cmr/m/n' undefined
(Font)              using `OT1/cmr/m/n' instead on input line 24.

Missing character: There is no r in font nullfont!
Missing character: There is no e in font nullfont!
Missing character: There is no d in font nullfont!
Missing character: There is no e in font nullfont!
Missing character: There is no l in font nullfont!
Missing character: There is no ' in font nullfont!
Missing character: There is no d in font nullfont!
Missing character: There is no u in font nullfont!
Missing character: There is no c in font nullfont!
Missing character: There is no a in font nullfont!
Missing character: There is no t in font nullfont!
Missing character: There is no i in font nullfont!
Missing character: There is no o in font nullfont!
Missing character: There is no n in font nullfont!
Missing character: There is no N in font nullfont!
Missing character: There is no a in font nullfont!
Missing character: There is no t in font nullfont!
Missing character: There is no i in font nullfont!
Missing character: There is no o in font nullfont!
Missing character: There is no n in font nullfont!
Missing character: There is no a in font nullfont!
Missing character: There is no l in font nullfont!
Missing character: There is no e in font nullfont!
c:/Users/sousou/Desktop/Book_Maths_Bac_Eco/examens/examen_blanc_1.tex:25: Undefined control sequence.
l.25   & \centering\bfseries\small
                                   Session 2026 & \\
The control sequence at the end of the top line
of your error message was never \def'ed. If you have
misspelled it (e.g., `\hobx'), type `I' and the correct
spelling (e.g., `I\hbox'). Otherwise just continue,
and I'll forget about whatever was undefined.

c:/Users/sousou/Desktop/Book_Maths_Bac_Eco/examens/examen_blanc_1.tex:26: Undefined control sequence.
l.26   & \centering\bfseries\small
                                   --- Sujet --- & \\
The control sequence at the end of the top line
of your error message was never \def'ed. If you have
misspelled it (e.g., `\hobx'), type `I' and the correct
spelling (e.g., `I\hbox'). Otherwise just continue,
and I'll forget about whatever was undefined.

c:/Users/sousou/Desktop/Book_Maths_Bac_Eco/examens/examen_blanc_1.tex:28: Undefined control sequence.
\@sharp ->\small 
                 \quad Nom : \dotfill \quad Pr\'{e}nom : \dotfill \quad 
l.28 ...\dotfill \quad Pr\'{e}nom : \dotfill\quad}
                                                   \\
The control sequence at the end of the top line
of your error message was never \def'ed. If you have
misspelled it (e.g., `\hobx'), type `I' and the correct
spelling (e.g., `I\hbox'). Otherwise just continue,
and I'll forget about whatever was undefined.

Missing character: There is no N in font nullfont!
Missing character: There is no o in font nullfont!
Missing character: There is no m in font nullfont!
Missing character: There is no : in font nullfont!
Missing character: There is no . in font nullfont!
Missing character: There is no P in font nullfont!
Missing character: There is no r in font nullfont!
Missing character: There is no n in font nullfont!
Missing character: There is no o in font nullfont!
Missing character: There is no m in font nullfont!
Missing character: There is no : in font nullfont!
Missing character: There is no . in font nullfont!
c:/Users/sousou/Desktop/Book_Maths_Bac_Eco/examens/examen_blanc_1.tex:30: Undefined control sequence.
\@sharp ->\small 
                 \textbf {Dur\'{e}e :} 2h
l.30 ...umn{1}{|c|}{\small\textbf{Dur\'{e}e :} 2h}
                                                   &
The control sequence at the end of the top line
of your error message was never \def'ed. If you have
misspelled it (e.g., `\hobx'), type `I' and the correct
spelling (e.g., `I\hbox'). Otherwise just continue,
and I'll forget about whatever was undefined.

Missing character: There is no 2 in font nullfont!
Missing character: There is no h in font nullfont!
c:/Users/sousou/Desktop/Book_Maths_Bac_Eco/examens/examen_blanc_1.tex:31: Undefined control sequence.
\@sharp ->\small 
                 \textbf {Math\'{e}matiques}
l.31 ...n{1}{c|}{\small\textbf{Math\'{e}matiques}}
                                                   &
The control sequence at the end of the top line
of your error message was never \def'ed. If you have
misspelled it (e.g., `\hobx'), type `I' and the correct
spelling (e.g., `I\hbox'). Otherwise just continue,
and I'll forget about whatever was undefined.

c:/Users/sousou/Desktop/Book_Maths_Bac_Eco/examens/examen_blanc_1.tex:32: Undefined control sequence.
\@sharp ->\small 
                 \textbf {Mati\`{e}re}
l.32 ...icolumn{1}{c|}{\small\textbf{Mati\`{e}re}}
                                                   \\
The control sequence at the end of the top line
of your error message was never \def'ed. If you have
misspelled it (e.g., `\hobx'), type `I' and the correct
spelling (e.g., `I\hbox'). Otherwise just continue,
and I'll forget about whatever was undefined.

c:/Users/sousou/Desktop/Book_Maths_Bac_Eco/examens/examen_blanc_1.tex:34: Undefined control sequence.
\@sharp ->\small 
                 \textbf {Coefficient :} 4
l.34 ...mn{1}{|c|}{\small\textbf{Coefficient :} 4}
                                                   &
The control sequence at the end of the top line
of your error message was never \def'ed. If you have
misspelled it (e.g., `\hobx'), type `I' and the correct
spelling (e.g., `I\hbox'). Otherwise just continue,
and I'll forget about whatever was undefined.

Missing character: There is no 4 in font nullfont!
c:/Users/sousou/Desktop/Book_Maths_Bac_Eco/examens/examen_blanc_1.tex:35: Undefined control sequence.
\@sharp ->\small 
                 Fili\`{e}re Sciences \'{E}conomiques (option fran\c {c}aise)
l.35 ...es \'{E}conomiques (option fran\c{c}aise)}
                                                   \\
The control sequence at the end of the top line
of your error message was never \def'ed. If you have
misspelled it (e.g., `\hobx'), type `I' and the correct
spelling (e.g., `I\hbox'). Otherwise just continue,
and I'll forget about whatever was undefined.

Missing character: There is no F in font nullfont!
Missing character: There is no i in font nullfont!
Missing character: There is no l in font nullfont!
Missing character: There is no i in font nullfont!
Missing character: There is no r in font nullfont!
Missing character: There is no e in font nullfont!
Missing character: There is no S in font nullfont!
Missing character: There is no c in font nullfont!
Missing character: There is no i in font nullfont!
Missing character: There is no e in font nullfont!
Missing character: There is no n in font nullfont!
Missing character: There is no c in font nullfont!
Missing character: There is no e in font nullfont!
Missing character: There is no s in font nullfont!
Missing character: There is no c in font nullfont!
Missing character: There is no o in font nullfont!
Missing character: There is no n in font nullfont!
Missing character: There is no o in font nullfont!
Missing character: There is no m in font nullfont!
Missing character: There is no i in font nullfont!
Missing character: There is no q in font nullfont!
Missing character: There is no u in font nullfont!
Missing character: There is no e in font nullfont!
Missing character: There is no s in font nullfont!
Missing character: There is no ( in font nullfont!
Missing character: There is no o in font nullfont!
Missing character: There is no p in font nullfont!
Missing character: There is no t in font nullfont!
Missing character: There is no i in font nullfont!
Missing character: There is no o in font nullfont!
Missing character: There is no n in font nullfont!
Missing character: There is no f in font nullfont!
Missing character: There is no r in font nullfont!
Missing character: There is no a in font nullfont!
Missing character: There is no n in font nullfont!
Missing character: There is no a in font nullfont!
Missing character: There is no i in font nullfont!
Missing character: There is no s in font nullfont!
Missing character: There is no e in font nullfont!
Missing character: There is no ) in font nullfont!

Overfull \hbox (426.79132pt too wide) in paragraph at lines 16--38
 [] 
 []


c:/Users/sousou/Desktop/Book_Maths_Bac_Eco/examens/examen_blanc_1.tex:42: LaTeX Error: Environment tcolorbox undefined.

See the LaTeX manual or LaTeX Companion for explanation.
Type  H <return>  for immediate help.
 ...                                              
                                                  
l.42 \begin{tcolorbox}
                      [
Your command was ignored.
Type  I <command> <return>  to replace it with another command,
or  <return>  to continue without it.

Missing character: There is no [ in font nullfont!
Missing character: There is no c in font nullfont!
Missing character: There is no o in font nullfont!
Missing character: There is no l in font nullfont!
Missing character: There is no b in font nullfont!
Missing character: There is no a in font nullfont!
Missing character: There is no c in font nullfont!
Missing character: There is no k in font nullfont!
Missing character: There is no = in font nullfont!
Missing character: There is no g in font nullfont!
Missing character: There is no r in font nullfont!
Missing character: There is no a in font nullfont!
Missing character: There is no y in font nullfont!
Missing character: There is no ! in font nullfont!
Missing character: There is no 8 in font nullfont!
Missing character: There is no , in font nullfont!
Missing character: There is no c in font nullfont!
Missing character: There is no o in font nullfont!
Missing character: There is no l in font nullfont!
Missing character: There is no f in font nullfont!
Missing character: There is no r in font nullfont!
Missing character: There is no a in font nullfont!
Missing character: There is no m in font nullfont!
Missing character: There is no e in font nullfont!
Missing character: There is no = in font nullfont!
Missing character: There is no c in font nullfont!
Missing character: There is no h in font nullfont!
Missing character: There is no a in font nullfont!
Missing character: There is no r in font nullfont!
Missing character: There is no c in font nullfont!
Missing character: There is no o in font nullfont!
Missing character: There is no a in font nullfont!
Missing character: There is no l in font nullfont!
Missing character: There is no , in font nullfont!
Missing character: There is no b in font nullfont!
Missing character: There is no o in font nullfont!
Missing character: There is no x in font nullfont!
Missing character: There is no r in font nullfont!
Missing character: There is no u in font nullfont!
Missing character: There is no l in font nullfont!
Missing character: There is no e in font nullfont!
Missing character: There is no = in font nullfont!
Missing character: There is no 0 in font nullfont!
Missing character: There is no . in font nullfont!
Missing character: There is no 8 in font nullfont!
Missing character: There is no p in font nullfont!
Missing character: There is no t in font nullfont!
Missing character: There is no , in font nullfont!
Missing character: There is no a in font nullfont!
Missing character: There is no r in font nullfont!
Missing character: There is no c in font nullfont!
Missing character: There is no = in font nullfont!
Missing character: There is no 3 in font nullfont!
Missing character: There is no p in font nullfont!
Missing character: There is no t in font nullfont!
Missing character: There is no , in font nullfont!
Missing character: There is no t in font nullfont!
Missing character: There is no i in font nullfont!
Missing character: There is no t in font nullfont!
Missing character: There is no l in font nullfont!
Missing character: There is no e in font nullfont!
Missing character: There is no = in font nullfont!
Missing character: There is no , in font nullfont!
Missing character: There is no c in font nullfont!
Missing character: There is no o in font nullfont!
Missing character: There is no l in font nullfont!
Missing character: There is no t in font nullfont!
Missing character: There is no i in font nullfont!
Missing character: There is no t in font nullfont!
Missing character: There is no l in font nullfont!
Missing character: There is no e in font nullfont!
Missing character: There is no = in font nullfont!
Missing character: There is no c in font nullfont!
Missing character: There is no h in font nullfont!
Missing character: There is no a in font nullfont!
Missing character: There is no r in font nullfont!
Missing character: There is no c in font nullfont!
Missing character: There is no o in font nullfont!
Missing character: There is no a in font nullfont!
Missing character: There is no l in font nullfont!
Missing character: There is no , in font nullfont!
Missing character: There is no c in font nullfont!
Missing character: There is no o in font nullfont!
Missing character: There is no l in font nullfont!
Missing character: There is no b in font nullfont!
Missing character: There is no a in font nullfont!
Missing character: There is no c in font nullfont!
Missing character: There is no k in font nullfont!
Missing character: There is no t in font nullfont!
Missing character: There is no i in font nullfont!
Missing character: There is no t in font nullfont!
Missing character: There is no l in font nullfont!
Missing character: There is no e in font nullfont!
Missing character: There is no = in font nullfont!
Missing character: There is no g in font nullfont!
Missing character: There is no r in font nullfont!
Missing character: There is no a in font nullfont!
Missing character: There is no y in font nullfont!
Missing character: There is no ! in font nullfont!
Missing character: There is no 8 in font nullfont!
Missing character: There is no , in font nullfont!
Missing character: There is no t in font nullfont!
Missing character: There is no o in font nullfont!
Missing character: There is no p in font nullfont!
Missing character: There is no t in font nullfont!
Missing character: There is no i in font nullfont!
Missing character: There is no t in font nullfont!
Missing character: There is no l in font nullfont!
Missing character: There is no e in font nullfont!
Missing character: There is no = in font nullfont!
Missing character: There is no 4 in font nullfont!
Missing character: There is no p in font nullfont!
Missing character: There is no t in font nullfont!
Missing character: There is no , in font nullfont!
Missing character: There is no b in font nullfont!
Missing character: There is no o in font nullfont!
Missing character: There is no t in font nullfont!
Missing character: There is no t in font nullfont!
Missing character: There is no o in font nullfont!
Missing character: There is no m in font nullfont!
Missing character: There is no t in font nullfont!
Missing character: There is no i in font nullfont!
Missing character: There is no t in font nullfont!
Missing character: There is no l in font nullfont!
Missing character: There is no e in font nullfont!
Missing character: There is no = in font nullfont!
Missing character: There is no 4 in font nullfont!
Missing character: There is no p in font nullfont!
Missing character: There is no t in font nullfont!
Missing character: There is no ] in font nullfont!

Overfull \hbox (20.0pt too wide) in paragraph at lines 42--49
[]
 []


Overfull \hbox (17.19435pt too wide) in paragraph at lines 42--49
\OT1/cmr/bx/n/10 IN-
 []


Overfull \hbox (43.68031pt too wide) in paragraph at lines 42--49
\OT1/cmr/bx/n/10 STRUC-
 []


Overfull \hbox (36.38869pt too wide) in paragraph at lines 42--49
\OT1/cmr/bx/n/10 TIONS
 []


Overfull \hbox (71.33293pt too wide) in paragraph at lines 42--49
\OT1/cmr/bx/n/10 G[]EN[]ERALES
 []

Missing character: There is no [ in font nullfont!
Missing character: There is no l in font nullfont!
Missing character: There is no e in font nullfont!
Missing character: There is no f in font nullfont!
Missing character: There is no t in font nullfont!
Missing character: There is no m in font nullfont!
Missing character: There is no a in font nullfont!
Missing character: There is no r in font nullfont!
Missing character: There is no g in font nullfont!
Missing character: There is no i in font nullfont!
Missing character: There is no n in font nullfont!
Missing character: There is no = in font nullfont!
Missing character: There is no 1 in font nullfont!
Missing character: There is no . in font nullfont!
Missing character: There is no 5 in font nullfont!
Missing character: There is no c in font nullfont!
Missing character: There is no m in font nullfont!
Missing character: There is no ] in font nullfont!

c:/Users/sousou/Desktop/Book_Maths_Bac_Eco/examens/examen_blanc_1.tex:50: LaTeX Error: Something's wrong--perhaps a missing \item.

See the LaTeX manual or LaTeX Companion for explanation.
Type  H <return>  for immediate help.
 ...                                              
                                                  
l.50     \item[$\checkmark$]
                             L'utilisation de la calculatrice non programmab...
Try typing  <return>  to proceed.
If that doesn't work, type  X <return>  to quit.

c:/Users/sousou/Desktop/Book_Maths_Bac_Eco/examens/examen_blanc_1.tex:50: Undefined control sequence.
<recently read> \checkmark 
                           
l.50     \item[$\checkmark$]
                             L'utilisation de la calculatrice non programmab...
The control sequence at the end of the top line
of your error message was never \def'ed. If you have
misspelled it (e.g., `\hobx'), type `I' and the correct
spelling (e.g., `I\hbox'). Otherwise just continue,
and I'll forget about whatever was undefined.

Missing character: There is no L in font nullfont!
Missing character: There is no ' in font nullfont!
Missing character: There is no u in font nullfont!
Missing character: There is no t in font nullfont!
Missing character: There is no i in font nullfont!
Missing character: There is no l in font nullfont!
Missing character: There is no i in font nullfont!
Missing character: There is no s in font nullfont!
Missing character: There is no a in font nullfont!
Missing character: There is no t in font nullfont!
Missing character: There is no i in font nullfont!
Missing character: There is no o in font nullfont!
Missing character: There is no n in font nullfont!
Missing character: There is no d in font nullfont!
Missing character: There is no e in font nullfont!
Missing character: There is no l in font nullfont!
Missing character: There is no a in font nullfont!
Missing character: There is no c in font nullfont!
Missing character: There is no a in font nullfont!
Missing character: There is no l in font nullfont!
Missing character: There is no c in font nullfont!
Missing character: There is no u in font nullfont!
Missing character: There is no l in font nullfont!
Missing character: There is no a in font nullfont!
Missing character: There is no t in font nullfont!
Missing character: There is no r in font nullfont!
Missing character: There is no i in font nullfont!
Missing character: There is no c in font nullfont!
Missing character: There is no e in font nullfont!
Missing character: There is no n in font nullfont!
Missing character: There is no o in font nullfont!
Missing character: There is no n in font nullfont!
Missing character: There is no p in font nullfont!
Missing character: There is no r in font nullfont!
Missing character: There is no o in font nullfont!
Missing character: There is no g in font nullfont!
Missing character: There is no r in font nullfont!
Missing character: There is no a in font nullfont!
Missing character: There is no m in font nullfont!
Missing character: There is no m in font nullfont!
Missing character: There is no a in font nullfont!
Missing character: There is no b in font nullfont!
Missing character: There is no l in font nullfont!
Missing character: There is no e in font nullfont!
Missing character: There is no e in font nullfont!
Missing character: There is no s in font nullfont!
Missing character: There is no t in font nullfont!
Missing character: There is no a in font nullfont!
Missing character: There is no u in font nullfont!
Missing character: There is no t in font nullfont!
Missing character: There is no o in font nullfont!
Missing character: There is no r in font nullfont!
Missing character: There is no i in font nullfont!
Missing character: There is no s in font nullfont!
Missing character: There is no e in font nullfont!
Missing character: There is no ; in font nullfont!

Overfull \hbox (4.44444pt too wide) in paragraph at lines 50--51
\/cmr/m/n/10 ^^Se 
 []

c:/Users/sousou/Desktop/Book_Maths_Bac_Eco/examens/examen_blanc_1.tex:51: Undefined control sequence.
<recently read> \checkmark 
                           
l.51     \item[$\checkmark$]
                             Le candidat peut traiter les exercices suivant ...
The control sequence at the end of the top line
of your error message was never \def'ed. If you have
misspelled it (e.g., `\hobx'), type `I' and the correct
spelling (e.g., `I\hbox'). Otherwise just continue,
and I'll forget about whatever was undefined.

Missing character: There is no L in font nullfont!
Missing character: There is no e in font nullfont!
Missing character: There is no c in font nullfont!
Missing character: There is no a in font nullfont!
Missing character: There is no n in font nullfont!
Missing character: There is no d in font nullfont!
Missing character: There is no i in font nullfont!
Missing character: There is no d in font nullfont!
Missing character: There is no a in font nullfont!
Missing character: There is no t in font nullfont!
Missing character: There is no p in font nullfont!
Missing character: There is no e in font nullfont!
Missing character: There is no u in font nullfont!
Missing character: There is no t in font nullfont!
Missing character: There is no t in font nullfont!
Missing character: There is no r in font nullfont!
Missing character: There is no a in font nullfont!
Missing character: There is no i in font nullfont!
Missing character: There is no t in font nullfont!
Missing character: There is no e in font nullfont!
Missing character: There is no r in font nullfont!
Missing character: There is no l in font nullfont!
Missing character: There is no e in font nullfont!
Missing character: There is no s in font nullfont!
Missing character: There is no e in font nullfont!
Missing character: There is no x in font nullfont!
Missing character: There is no e in font nullfont!
Missing character: There is no r in font nullfont!
Missing character: There is no c in font nullfont!
Missing character: There is no i in font nullfont!
Missing character: There is no c in font nullfont!
Missing character: There is no e in font nullfont!
Missing character: There is no s in font nullfont!
Missing character: There is no s in font nullfont!
Missing character: There is no u in font nullfont!
Missing character: There is no i in font nullfont!
Missing character: There is no v in font nullfont!
Missing character: There is no a in font nullfont!
Missing character: There is no n in font nullfont!
Missing character: There is no t in font nullfont!
Missing character: There is no l in font nullfont!
Missing character: There is no ' in font nullfont!
Missing character: There is no o in font nullfont!
Missing character: There is no r in font nullfont!
Missing character: There is no d in font nullfont!
Missing character: There is no r in font nullfont!
Missing character: There is no e in font nullfont!
Missing character: There is no q in font nullfont!
Missing character: There is no u in font nullfont!
Missing character: There is no i in font nullfont!
Missing character: There is no l in font nullfont!
Missing character: There is no u in font nullfont!
Missing character: There is no i in font nullfont!
Missing character: There is no c in font nullfont!
Missing character: There is no o in font nullfont!
Missing character: There is no n in font nullfont!
Missing character: There is no v in font nullfont!
Missing character: There is no i in font nullfont!
Missing character: There is no e in font nullfont!
Missing character: There is no n in font nullfont!
Missing character: There is no t in font nullfont!
Missing character: There is no ; in font nullfont!
c:/Users/sousou/Desktop/Book_Maths_Bac_Eco/examens/examen_blanc_1.tex:52: Undefined control sequence.
<recently read> \checkmark 
                           
l.52     \item[$\checkmark$]
                             L'utilisation de couleur rouge est \`{a} \'{e}v...
The control sequence at the end of the top line
of your error message was never \def'ed. If you have
misspelled it (e.g., `\hobx'), type `I' and the correct
spelling (e.g., `I\hbox'). Otherwise just continue,
and I'll forget about whatever was undefined.

Missing character: There is no L in font nullfont!
Missing character: There is no ' in font nullfont!
Missing character: There is no u in font nullfont!
Missing character: There is no t in font nullfont!
Missing character: There is no i in font nullfont!
Missing character: There is no l in font nullfont!
Missing character: There is no i in font nullfont!
Missing character: There is no s in font nullfont!
Missing character: There is no a in font nullfont!
Missing character: There is no t in font nullfont!
Missing character: There is no i in font nullfont!
Missing character: There is no o in font nullfont!
Missing character: There is no n in font nullfont!
Missing character: There is no d in font nullfont!
Missing character: There is no e in font nullfont!
Missing character: There is no c in font nullfont!
Missing character: There is no o in font nullfont!
Missing character: There is no u in font nullfont!
Missing character: There is no l in font nullfont!
Missing character: There is no e in font nullfont!
Missing character: There is no u in font nullfont!
Missing character: There is no r in font nullfont!
Missing character: There is no r in font nullfont!
Missing character: There is no o in font nullfont!
Missing character: There is no u in font nullfont!
Missing character: There is no g in font nullfont!
Missing character: There is no e in font nullfont!
Missing character: There is no e in font nullfont!
Missing character: There is no s in font nullfont!
Missing character: There is no t in font nullfont!
Missing character: There is no v in font nullfont!
Missing character: There is no i in font nullfont!
Missing character: There is no t in font nullfont!
Missing character: There is no e in font nullfont!
Missing character: There is no r in font nullfont!
Missing character: There is no . in font nullfont!

Overfull \hbox (5.00002pt too wide) in paragraph at lines 52--53
\/cmr/m/n/10 ^^Ra
 []


Overfull \hbox (4.44444pt too wide) in paragraph at lines 52--53
\/cmr/m/n/10 ^^Se 
 []


c:/Users/sousou/Desktop/Book_Maths_Bac_Eco/examens/examen_blanc_1.tex:54: LaTeX Error: \begin{document} ended by \end{tcolorbox}.

See the LaTeX manual or LaTeX Companion for explanation.
Type  H <return>  for immediate help.
 ...                                              
                                                  
l.54 \end{tcolorbox}
                    
Your command was ignored.
Type  I <command> <return>  to replace it with another command,
or  <return>  to continue without it.


c:/Users/sousou/Desktop/Book_Maths_Bac_Eco/examens/examen_blanc_1.tex:58: LaTeX Error: Environment tcolorbox undefined.

See the LaTeX manual or LaTeX Companion for explanation.
Type  H <return>  for immediate help.
 ...                                              
                                                  
l.58 \begin{tcolorbox}
                      [
Your command was ignored.
Type  I <command> <return>  to replace it with another command,
or  <return>  to continue without it.

Missing character: There is no [ in font nullfont!
Missing character: There is no c in font nullfont!
Missing character: There is no o in font nullfont!
Missing character: There is no l in font nullfont!
Missing character: There is no b in font nullfont!
Missing character: There is no a in font nullfont!
Missing character: There is no c in font nullfont!
Missing character: There is no k in font nullfont!
Missing character: There is no = in font nullfont!
Missing character: There is no g in font nullfont!
Missing character: There is no r in font nullfont!
Missing character: There is no a in font nullfont!
Missing character: There is no y in font nullfont!
Missing character: There is no ! in font nullfont!
Missing character: There is no 8 in font nullfont!
Missing character: There is no , in font nullfont!
Missing character: There is no c in font nullfont!
Missing character: There is no o in font nullfont!
Missing character: There is no l in font nullfont!
Missing character: There is no f in font nullfont!
Missing character: There is no r in font nullfont!
Missing character: There is no a in font nullfont!
Missing character: There is no m in font nullfont!
Missing character: There is no e in font nullfont!
Missing character: There is no = in font nullfont!
Missing character: There is no c in font nullfont!
Missing character: There is no h in font nullfont!
Missing character: There is no a in font nullfont!
Missing character: There is no r in font nullfont!
Missing character: There is no c in font nullfont!
Missing character: There is no o in font nullfont!
Missing character: There is no a in font nullfont!
Missing character: There is no l in font nullfont!
Missing character: There is no , in font nullfont!
Missing character: There is no b in font nullfont!
Missing character: There is no o in font nullfont!
Missing character: There is no x in font nullfont!
Missing character: There is no r in font nullfont!
Missing character: There is no u in font nullfont!
Missing character: There is no l in font nullfont!
Missing character: There is no e in font nullfont!
Missing character: There is no = in font nullfont!
Missing character: There is no 0 in font nullfont!
Missing character: There is no . in font nullfont!
Missing character: There is no 8 in font nullfont!
Missing character: There is no p in font nullfont!
Missing character: There is no t in font nullfont!
Missing character: There is no , in font nullfont!
Missing character: There is no a in font nullfont!
Missing character: There is no r in font nullfont!
Missing character: There is no c in font nullfont!
Missing character: There is no = in font nullfont!
Missing character: There is no 3 in font nullfont!
Missing character: There is no p in font nullfont!
Missing character: There is no t in font nullfont!
Missing character: There is no , in font nullfont!
Missing character: There is no t in font nullfont!
Missing character: There is no i in font nullfont!
Missing character: There is no t in font nullfont!
Missing character: There is no l in font nullfont!
Missing character: There is no e in font nullfont!
Missing character: There is no = in font nullfont!
Missing character: There is no , in font nullfont!
Missing character: There is no c in font nullfont!
Missing character: There is no o in font nullfont!
Missing character: There is no l in font nullfont!
Missing character: There is no t in font nullfont!
Missing character: There is no i in font nullfont!
Missing character: There is no t in font nullfont!
Missing character: There is no l in font nullfont!
Missing character: There is no e in font nullfont!
Missing character: There is no = in font nullfont!
Missing character: There is no c in font nullfont!
Missing character: There is no h in font nullfont!
Missing character: There is no a in font nullfont!
Missing character: There is no r in font nullfont!
Missing character: There is no c in font nullfont!
Missing character: There is no o in font nullfont!
Missing character: There is no a in font nullfont!
Missing character: There is no l in font nullfont!
Missing character: There is no , in font nullfont!
Missing character: There is no c in font nullfont!
Missing character: There is no o in font nullfont!
Missing character: There is no l in font nullfont!
Missing character: There is no b in font nullfont!
Missing character: There is no a in font nullfont!
Missing character: There is no c in font nullfont!
Missing character: There is no k in font nullfont!
Missing character: There is no t in font nullfont!
Missing character: There is no i in font nullfont!
Missing character: There is no t in font nullfont!
Missing character: There is no l in font nullfont!
Missing character: There is no e in font nullfont!
Missing character: There is no = in font nullfont!
Missing character: There is no g in font nullfont!
Missing character: There is no r in font nullfont!
Missing character: There is no a in font nullfont!
Missing character: There is no y in font nullfont!
Missing character: There is no ! in font nullfont!
Missing character: There is no 8 in font nullfont!
Missing character: There is no , in font nullfont!
Missing character: There is no t in font nullfont!
Missing character: There is no o in font nullfont!
Missing character: There is no p in font nullfont!
Missing character: There is no t in font nullfont!
Missing character: There is no i in font nullfont!
Missing character: There is no t in font nullfont!
Missing character: There is no l in font nullfont!
Missing character: There is no e in font nullfont!
Missing character: There is no = in font nullfont!
Missing character: There is no 4 in font nullfont!
Missing character: There is no p in font nullfont!
Missing character: There is no t in font nullfont!
Missing character: There is no , in font nullfont!
Missing character: There is no b in font nullfont!
Missing character: There is no o in font nullfont!
Missing character: There is no t in font nullfont!
Missing character: There is no t in font nullfont!
Missing character: There is no o in font nullfont!
Missing character: There is no m in font nullfont!
Missing character: There is no t in font nullfont!
Missing character: There is no i in font nullfont!
Missing character: There is no t in font nullfont!
Missing character: There is no l in font nullfont!
Missing character: There is no e in font nullfont!
Missing character: There is no = in font nullfont!
Missing character: There is no 4 in font nullfont!
Missing character: There is no p in font nullfont!
Missing character: There is no t in font nullfont!
Missing character: There is no ] in font nullfont!

Overfull \hbox (20.0pt too wide) in paragraph at lines 58--65
[]
 []


Overfull \hbox (31.69427pt too wide) in paragraph at lines 58--65
\OT1/cmr/bx/n/10 COM-
 []


Overfull \hbox (62.52744pt too wide) in paragraph at lines 58--65
\OT1/cmr/bx/n/10 POSANTES
 []


Overfull \hbox (17.66656pt too wide) in paragraph at lines 58--65
\OT1/cmr/bx/n/10 DU
 []


Overfull \hbox (19.06934pt too wide) in paragraph at lines 58--65
\OT1/cmr/bx/n/10 SU-
 []


Overfull \hbox (21.49988pt too wide) in paragraph at lines 58--65
\OT1/cmr/bx/n/10 JET
 []

c:/Users/sousou/Desktop/Book_Maths_Bac_Eco/examens/examen_blanc_1.tex:69: Undefined control sequence.
<recently read> \rowcolor 
                          
l.69     \rowcolor
                  {navylight}
The control sequence at the end of the top line
of your error message was never \def'ed. If you have
misspelled it (e.g., `\hobx'), type `I' and the correct
spelling (e.g., `I\hbox'). Otherwise just continue,
and I'll forget about whatever was undefined.

Missing character: There is no n in font nullfont!
Missing character: There is no a in font nullfont!
Missing character: There is no v in font nullfont!
Missing character: There is no y in font nullfont!
Missing character: There is no l in font nullfont!
Missing character: There is no i in font nullfont!
Missing character: There is no g in font nullfont!
Missing character: There is no h in font nullfont!
Missing character: There is no t in font nullfont!
c:/Users/sousou/Desktop/Book_Maths_Bac_Eco/examens/examen_blanc_1.tex:70: Undefined control sequence.
<recently read> \color 
                       
l.70     \textbf{\color{navy}Exercice}
                                       & \textbf{\color{navy}Th\`{e}me} & \t...
The control sequence at the end of the top line
of your error message was never \def'ed. If you have
misspelled it (e.g., `\hobx'), type `I' and the correct
spelling (e.g., `I\hbox'). Otherwise just continue,
and I'll forget about whatever was undefined.

c:/Users/sousou/Desktop/Book_Maths_Bac_Eco/examens/examen_blanc_1.tex:70: Undefined control sequence.
<recently read> \color 
                       
l.70 ...Exercice} & \textbf{\color{navy}Th\`{e}me}
                                                   & \textbf{\color{navy}Poi...
The control sequence at the end of the top line
of your error message was never \def'ed. If you have
misspelled it (e.g., `\hobx'), type `I' and the correct
spelling (e.g., `I\hbox'). Otherwise just continue,
and I'll forget about whatever was undefined.

c:/Users/sousou/Desktop/Book_Maths_Bac_Eco/examens/examen_blanc_1.tex:70: Undefined control sequence.
<recently read> \color 
                       
l.70 ...y}Th\`{e}me} & \textbf{\color{navy}Points}
                                                   \\
The control sequence at the end of the top line
of your error message was never \def'ed. If you have
misspelled it (e.g., `\hobx'), type `I' and the correct
spelling (e.g., `I\hbox'). Otherwise just continue,
and I'll forget about whatever was undefined.

Missing character: There is no E in font nullfont!
Missing character: There is no x in font nullfont!
Missing character: There is no e in font nullfont!
Missing character: There is no r in font nullfont!
Missing character: There is no c in font nullfont!
Missing character: There is no i in font nullfont!
Missing character: There is no c in font nullfont!
Missing character: There is no e in font nullfont!
Missing character: There is no 1 in font nullfont!
Missing character: There is no S in font nullfont!
Missing character: There is no u in font nullfont!
Missing character: There is no i in font nullfont!
Missing character: There is no t in font nullfont!
Missing character: There is no e in font nullfont!
Missing character: There is no s in font nullfont!
Missing character: There is no n in font nullfont!
Missing character: There is no u in font nullfont!
Missing character: There is no m in font nullfont!
Missing character: There is no r in font nullfont!
Missing character: There is no i in font nullfont!
Missing character: There is no q in font nullfont!
Missing character: There is no u in font nullfont!
Missing character: There is no e in font nullfont!
Missing character: There is no s in font nullfont!
Missing character: There is no 4 in font nullfont!
Missing character: There is no E in font nullfont!
Missing character: There is no x in font nullfont!
Missing character: There is no e in font nullfont!
Missing character: There is no r in font nullfont!
Missing character: There is no c in font nullfont!
Missing character: There is no i in font nullfont!
Missing character: There is no c in font nullfont!
Missing character: There is no e in font nullfont!
Missing character: There is no 2 in font nullfont!
Missing character: There is no C in font nullfont!
Missing character: There is no a in font nullfont!
Missing character: There is no l in font nullfont!
Missing character: There is no c in font nullfont!
Missing character: There is no u in font nullfont!
Missing character: There is no l in font nullfont!
Missing character: There is no d in font nullfont!
Missing character: There is no e in font nullfont!
Missing character: There is no p in font nullfont!
Missing character: There is no r in font nullfont!
Missing character: There is no o in font nullfont!
Missing character: There is no b in font nullfont!
Missing character: There is no a in font nullfont!
Missing character: There is no b in font nullfont!
Missing character: There is no i in font nullfont!
Missing character: There is no l in font nullfont!
Missing character: There is no i in font nullfont!
Missing character: There is no t in font nullfont!
Missing character: There is no s in font nullfont!
Missing character: There is no 1 in font nullfont!
Missing character: There is no , in font nullfont!
Missing character: There is no 5 in font nullfont!
Missing character: There is no E in font nullfont!
Missing character: There is no x in font nullfont!
Missing character: There is no e in font nullfont!
Missing character: There is no r in font nullfont!
Missing character: There is no c in font nullfont!
Missing character: There is no i in font nullfont!
Missing character: There is no c in font nullfont!
Missing character: There is no e in font nullfont!
Missing character: There is no 3 in font nullfont!
Missing character: There is no C in font nullfont!
Missing character: There is no a in font nullfont!
Missing character: There is no l in font nullfont!
Missing character: There is no c in font nullfont!
Missing character: There is no u in font nullfont!
Missing character: There is no l in font nullfont!
Missing character: There is no d in font nullfont!
Missing character: There is no e in font nullfont!
Missing character: There is no p in font nullfont!
Missing character: There is no r in font nullfont!
Missing character: There is no o in font nullfont!
Missing character: There is no b in font nullfont!
Missing character: There is no a in font nullfont!
Missing character: There is no b in font nullfont!
Missing character: There is no i in font nullfont!
Missing character: There is no l in font nullfont!
Missing character: There is no i in font nullfont!
Missing character: There is no t in font nullfont!
Missing character: There is no s in font nullfont!
Missing character: There is no 2 in font nullfont!
Missing character: There is no , in font nullfont!
Missing character: There is no 5 in font nullfont!
Missing character: There is no E in font nullfont!
Missing character: There is no x in font nullfont!
Missing character: There is no e in font nullfont!
Missing character: There is no r in font nullfont!
Missing character: There is no c in font nullfont!
Missing character: There is no i in font nullfont!
Missing character: There is no c in font nullfont!
Missing character: There is no e in font nullfont!
Missing character: There is no 4 in font nullfont!
Missing character: There is no t in font nullfont!
Missing character: There is no u in font nullfont!
Missing character: There is no d in font nullfont!
Missing character: There is no e in font nullfont!
Missing character: There is no d in font nullfont!
Missing character: There is no ' in font nullfont!
Missing character: There is no u in font nullfont!
Missing character: There is no n in font nullfont!
Missing character: There is no e in font nullfont!
Missing character: There is no f in font nullfont!
Missing character: There is no o in font nullfont!
Missing character: There is no n in font nullfont!
Missing character: There is no c in font nullfont!
Missing character: There is no t in font nullfont!
Missing character: There is no i in font nullfont!
Missing character: There is no o in font nullfont!
Missing character: There is no n in font nullfont!
Missing character: There is no , in font nullfont!
Missing character: There is no c in font nullfont!
Missing character: There is no a in font nullfont!
Missing character: There is no l in font nullfont!
Missing character: There is no c in font nullfont!
Missing character: There is no u in font nullfont!
Missing character: There is no l in font nullfont!
Missing character: There is no i in font nullfont!
Missing character: There is no n in font nullfont!
Missing character: There is no t in font nullfont!
Missing character: There is no g in font nullfont!
Missing character: There is no r in font nullfont!
Missing character: There is no a in font nullfont!
Missing character: There is no l in font nullfont!
Missing character: There is no 4 in font nullfont!
Missing character: There is no , in font nullfont!
Missing character: There is no 7 in font nullfont!
Missing character: There is no 5 in font nullfont!
Missing character: There is no E in font nullfont!
Missing character: There is no x in font nullfont!
Missing character: There is no e in font nullfont!
Missing character: There is no r in font nullfont!
Missing character: There is no c in font nullfont!
Missing character: There is no i in font nullfont!
Missing character: There is no c in font nullfont!
Missing character: There is no e in font nullfont!
Missing character: There is no 5 in font nullfont!
Missing character: There is no t in font nullfont!
Missing character: There is no u in font nullfont!
Missing character: There is no d in font nullfont!
Missing character: There is no e in font nullfont!
Missing character: There is no d in font nullfont!
Missing character: There is no ' in font nullfont!
Missing character: There is no u in font nullfont!
Missing character: There is no n in font nullfont!
Missing character: There is no e in font nullfont!
Missing character: There is no f in font nullfont!
Missing character: There is no o in font nullfont!
Missing character: There is no n in font nullfont!
Missing character: There is no c in font nullfont!
Missing character: There is no t in font nullfont!
Missing character: There is no i in font nullfont!
Missing character: There is no o in font nullfont!
Missing character: There is no n in font nullfont!
Missing character: There is no , in font nullfont!
Missing character: There is no c in font nullfont!
Missing character: There is no a in font nullfont!
Missing character: There is no l in font nullfont!
Missing character: There is no c in font nullfont!
Missing character: There is no u in font nullfont!
Missing character: There is no l in font nullfont!
Missing character: There is no i in font nullfont!
Missing character: There is no n in font nullfont!
Missing character: There is no t in font nullfont!
Missing character: There is no g in font nullfont!
Missing character: There is no r in font nullfont!
Missing character: There is no a in font nullfont!
Missing character: There is no l in font nullfont!
Missing character: There is no 7 in font nullfont!
Missing character: There is no , in font nullfont!
Missing character: There is no 2 in font nullfont!
Missing character: There is no 5 in font nullfont!
c:/Users/sousou/Desktop/Book_Maths_Bac_Eco/examens/examen_blanc_1.tex:82: Undefined control sequence.
<recently read> \rowcolor 
                          
l.82     \rowcolor
                  {navylight}
The control sequence at the end of the top line
of your error message was never \def'ed. If you have
misspelled it (e.g., `\hobx'), type `I' and the correct
spelling (e.g., `I\hbox'). Otherwise just continue,
and I'll forget about whatever was undefined.

Missing character: There is no n in font nullfont!
Missing character: There is no a in font nullfont!
Missing character: There is no v in font nullfont!
Missing character: There is no y in font nullfont!
Missing character: There is no l in font nullfont!
Missing character: There is no i in font nullfont!
Missing character: There is no g in font nullfont!
Missing character: There is no h in font nullfont!
Missing character: There is no t in font nullfont!
c:/Users/sousou/Desktop/Book_Maths_Bac_Eco/examens/examen_blanc_1.tex:83: Misplaced \omit.
\multispan ->\omit 
                   \@multispan 
l.83 ...column{2}{|c|}{\textbf{\color{navy}Total}}
                                                   & \textbf{\color{navy}20} \\
I expect to see \omit only after tab marks or the \cr of
an alignment. Proceed, and I'll ignore this case.

c:/Users/sousou/Desktop/Book_Maths_Bac_Eco/examens/examen_blanc_1.tex:83: Undefined control sequence.
<recently read> \color 
                       
l.83 ...column{2}{|c|}{\textbf{\color{navy}Total}}
                                                   & \textbf{\color{navy}20} \\
The control sequence at the end of the top line
of your error message was never \def'ed. If you have
misspelled it (e.g., `\hobx'), type `I' and the correct
spelling (e.g., `I\hbox'). Otherwise just continue,
and I'll forget about whatever was undefined.

c:/Users/sousou/Desktop/Book_Maths_Bac_Eco/examens/examen_blanc_1.tex:83: Undefined control sequence.
<recently read> \color 
                       
l.83 ...lor{navy}Total}} & \textbf{\color{navy}20}
                                                   \\
The control sequence at the end of the top line
of your error message was never \def'ed. If you have
misspelled it (e.g., `\hobx'), type `I' and the correct
spelling (e.g., `I\hbox'). Otherwise just continue,
and I'll forget about whatever was undefined.


Overfull \hbox (179.7921pt too wide) in paragraph at lines 67--86
 [] 
 []


c:/Users/sousou/Desktop/Book_Maths_Bac_Eco/examens/examen_blanc_1.tex:87: LaTeX Error: \begin{document} ended by \end{tcolorbox}.

See the LaTeX manual or LaTeX Companion for explanation.
Type  H <return>  for immediate help.
 ...                                              
                                                  
l.87 \end{tcolorbox}
                    
Your command was ignored.
Type  I <command> <return>  to replace it with another command,
or  <return>  to continue without it.


c:/Users/sousou/Desktop/Book_Maths_Bac_Eco/examens/examen_blanc_1.tex:89: LaTeX Error: The font size command \normalsize is not defined:
               there is probably something wrong with the class file.

See the LaTeX manual or LaTeX Companion for explanation.
Type  H <return>  for immediate help.
 ...                                              
                                                  
l.89 \newpage
             
Your command was ignored.
Type  I <command> <return>  to replace it with another command,
or  <return>  to continue without it.

[1

{C:/Users/sousou/AppData/Local/MiKTeX/fonts/map/pdftex/pdftex.map}]

c:/Users/sousou/Desktop/Book_Maths_Bac_Eco/examens/examen_blanc_1.tex:95: LaTeX Error: Environment exerciceBox undefined.

See the LaTeX manual or LaTeX Companion for explanation.
Type  H <return>  for immediate help.
 ...                                              
                                                  
l.95 \begin{exerciceBox}
                        {1}{4}
Your command was ignored.
Type  I <command> <return>  to replace it with another command,
or  <return>  to continue without it.

Missing character: There is no 1 in font nullfont!
Missing character: There is no 4 in font nullfont!
Missing character: There is no S in font nullfont!
Missing character: There is no o in font nullfont!
Missing character: There is no i in font nullfont!
Missing character: There is no t in font nullfont!
Missing character: There is no u in font nullfont!
Missing character: There is no n in font nullfont!
Missing character: There is no e in font nullfont!
Missing character: There is no s in font nullfont!
Missing character: There is no u in font nullfont!
Missing character: There is no i in font nullfont!
Missing character: There is no t in font nullfont!
Missing character: There is no e in font nullfont!
Missing character: There is no n in font nullfont!
Missing character: There is no u in font nullfont!
Missing character: There is no m in font nullfont!
Missing character: There is no r in font nullfont!
Missing character: There is no i in font nullfont!
Missing character: There is no q in font nullfont!
Missing character: There is no u in font nullfont!
Missing character: There is no e in font nullfont!
Missing character: There is no d in font nullfont!
Missing character: There is no f in font nullfont!
Missing character: There is no i in font nullfont!
Missing character: There is no n in font nullfont!
Missing character: There is no i in font nullfont!
Missing character: There is no e in font nullfont!
Missing character: There is no p in font nullfont!
Missing character: There is no a in font nullfont!
Missing character: There is no r in font nullfont!
Missing character: There is no : in font nullfont!

Overfull \hbox (20.0pt too wide) in paragraph at lines 95--97
[]
 []


Overfull \hbox (18.94571pt too wide) in paragraph at lines 95--97
\/cmr/m/n/10 (\OML/cmm/m/it/10 u[]\/cmr/m/n/10 )$
 []


Overfull \hbox (4.44444pt too wide) in paragraph at lines 95--97
\/cmr/m/n/10 ^^Se
 []


Overfull \hbox (4.44444pt too wide) in paragraph at lines 95--97
\/cmr/m/n/10 ^^Se
 []

c:/Users/sousou/Desktop/Book_Maths_Bac_Eco/examens/examen_blanc_1.tex:98: Undefined control sequence.
l.98     u_0 = 1 \qquad \text
                             {et} \qquad
The control sequence at the end of the top line
of your error message was never \def'ed. If you have
misspelled it (e.g., `\hobx'), type `I' and the correct
spelling (e.g., `I\hbox'). Otherwise just continue,
and I'll forget about whatever was undefined.

c:/Users/sousou/Desktop/Book_Maths_Bac_Eco/examens/examen_blanc_1.tex:100: Undefined control sequence.
l.100     \quad \text
                     {pour tout } n \in \N
The control sequence at the end of the top line
of your error message was never \def'ed. If you have
misspelled it (e.g., `\hobx'), type `I' and the correct
spelling (e.g., `I\hbox'). Otherwise just continue,
and I'll forget about whatever was undefined.

c:/Users/sousou/Desktop/Book_Maths_Bac_Eco/examens/examen_blanc_1.tex:100: Undefined control sequence.
l.100     \quad \text{pour tout } n \in \N
                                          
The control sequence at the end of the top line
of your error message was never \def'ed. If you have
misspelled it (e.g., `\hobx'), type `I' and the correct
spelling (e.g., `I\hbox'). Otherwise just continue,
and I'll forget about whatever was undefined.


Overfull \hbox (168.63858pt too wide) detected at line 101
\OML/cmm/m/it/10 u[] \/cmr/m/n/10 = 1 [] \OML/cmm/m/it/10 u[] \/cmr/m/n/10 = 6 \OMS/cmsy/m/n/10 ^^@ [] []\OML/cmm/m/it/10 n \OMS/cmsy/m/n/10 2
 []


c:/Users/sousou/Desktop/Book_Maths_Bac_Eco/examens/examen_blanc_1.tex:102: LaTeX Error: \begin{document} ended by \end{exerciceBox}.

See the LaTeX manual or LaTeX Companion for explanation.
Type  H <return>  for immediate help.
 ...                                              
                                                  
l.102 \end{exerciceBox}
                       
Your command was ignored.
Type  I <command> <return>  to replace it with another command,
or  <return>  to continue without it.

c:/Users/sousou/Desktop/Book_Maths_Bac_Eco/examens/examen_blanc_1.tex:108: Undefined control sequence.
l.108   \textcolor
                  {burgundy}{\textbf{0,5}} &
The control sequence at the end of the top line
of your error message was never \def'ed. If you have
misspelled it (e.g., `\hobx'), type `I' and the correct
spelling (e.g., `I\hbox'). Otherwise just continue,
and I'll forget about whatever was undefined.

Missing character: There is no b in font nullfont!
Missing character: There is no u in font nullfont!
Missing character: There is no r in font nullfont!
Missing character: There is no g in font nullfont!
Missing character: There is no u in font nullfont!
Missing character: There is no n in font nullfont!
Missing character: There is no d in font nullfont!
Missing character: There is no y in font nullfont!
Missing character: There is no C in font nullfont!
Missing character: There is no a in font nullfont!
Missing character: There is no l in font nullfont!
Missing character: There is no c in font nullfont!
Missing character: There is no u in font nullfont!
Missing character: There is no l in font nullfont!
Missing character: There is no e in font nullfont!
Missing character: There is no r in font nullfont!
Missing character: There is no e in font nullfont!
Missing character: There is no t in font nullfont!
Missing character: There is no . in font nullfont!
c:/Users/sousou/Desktop/Book_Maths_Bac_Eco/examens/examen_blanc_1.tex:111: Undefined control sequence.
l.111 \lignerep
               \lignerep\lignerep\lignerep\lignerep\lignerep
The control sequence at the end of the top line
of your error message was never \def'ed. If you have
misspelled it (e.g., `\hobx'), type `I' and the correct
spelling (e.g., `I\hbox'). Otherwise just continue,
and I'll forget about whatever was undefined.

c:/Users/sousou/Desktop/Book_Maths_Bac_Eco/examens/examen_blanc_1.tex:111: Undefined control sequence.
l.111 \lignerep\lignerep
                        \lignerep\lignerep\lignerep\lignerep
The control sequence at the end of the top line
of your error message was never \def'ed. If you have
misspelled it (e.g., `\hobx'), type `I' and the correct
spelling (e.g., `I\hbox'). Otherwise just continue,
and I'll forget about whatever was undefined.

c:/Users/sousou/Desktop/Book_Maths_Bac_Eco/examens/examen_blanc_1.tex:111: Undefined control sequence.
l.111 \lignerep\lignerep\lignerep
                                 \lignerep\lignerep\lignerep
The control sequence at the end of the top line
of your error message was never \def'ed. If you have
misspelled it (e.g., `\hobx'), type `I' and the correct
spelling (e.g., `I\hbox'). Otherwise just continue,
and I'll forget about whatever was undefined.

c:/Users/sousou/Desktop/Book_Maths_Bac_Eco/examens/examen_blanc_1.tex:111: Undefined control sequence.
l.111 \lignerep\lignerep\lignerep\lignerep
                                          \lignerep\lignerep
The control sequence at the end of the top line
of your error message was never \def'ed. If you have
misspelled it (e.g., `\hobx'), type `I' and the correct
spelling (e.g., `I\hbox'). Otherwise just continue,
and I'll forget about whatever was undefined.

c:/Users/sousou/Desktop/Book_Maths_Bac_Eco/examens/examen_blanc_1.tex:111: Undefined control sequence.
l.111 ...nerep\lignerep\lignerep\lignerep\lignerep
                                                  \lignerep
The control sequence at the end of the top line
of your error message was never \def'ed. If you have
misspelled it (e.g., `\hobx'), type `I' and the correct
spelling (e.g., `I\hbox'). Otherwise just continue,
and I'll forget about whatever was undefined.

c:/Users/sousou/Desktop/Book_Maths_Bac_Eco/examens/examen_blanc_1.tex:111: Undefined control sequence.
l.111 ...nerep\lignerep\lignerep\lignerep\lignerep
                                                  
The control sequence at the end of the top line
of your error message was never \def'ed. If you have
misspelled it (e.g., `\hobx'), type `I' and the correct
spelling (e.g., `I\hbox'). Otherwise just continue,
and I'll forget about whatever was undefined.


Overfull \hbox (432.4818pt too wide) in paragraph at lines 106--112
[] 
 []

c:/Users/sousou/Desktop/Book_Maths_Bac_Eco/examens/examen_blanc_1.tex:116: Undefined control sequence.
l.116   \textcolor
                  {burgundy}{\textbf{0,5}} &
The control sequence at the end of the top line
of your error message was never \def'ed. If you have
misspelled it (e.g., `\hobx'), type `I' and the correct
spelling (e.g., `I\hbox'). Otherwise just continue,
and I'll forget about whatever was undefined.

Missing character: There is no b in font nullfont!
Missing character: There is no u in font nullfont!
Missing character: There is no r in font nullfont!
Missing character: There is no g in font nullfont!
Missing character: There is no u in font nullfont!
Missing character: There is no n in font nullfont!
Missing character: There is no d in font nullfont!
Missing character: There is no y in font nullfont!
Missing character: There is no M in font nullfont!
Missing character: There is no o in font nullfont!
Missing character: There is no n in font nullfont!
Missing character: There is no t in font nullfont!
Missing character: There is no r in font nullfont!
Missing character: There is no e in font nullfont!
Missing character: There is no r in font nullfont!
Missing character: There is no p in font nullfont!
Missing character: There is no a in font nullfont!
Missing character: There is no r in font nullfont!
Missing character: There is no r in font nullfont!
Missing character: There is no c in font nullfont!
Missing character: There is no u in font nullfont!
Missing character: There is no r in font nullfont!
Missing character: There is no r in font nullfont!
Missing character: There is no e in font nullfont!
Missing character: There is no n in font nullfont!
Missing character: There is no c in font nullfont!
Missing character: There is no e in font nullfont!
Missing character: There is no q in font nullfont!
Missing character: There is no u in font nullfont!
Missing character: There is no e in font nullfont!
Missing character: There is no p in font nullfont!
Missing character: There is no o in font nullfont!
Missing character: There is no u in font nullfont!
Missing character: There is no r in font nullfont!
Missing character: There is no t in font nullfont!
Missing character: There is no o in font nullfont!
Missing character: There is no u in font nullfont!
Missing character: There is no t in font nullfont!
c:/Users/sousou/Desktop/Book_Maths_Bac_Eco/examens/examen_blanc_1.tex:117: Undefined control sequence.
l.117 ...e $1 \leq u_n \leq 5$ pour tout $n \in \N
                                                  $.
The control sequence at the end of the top line
of your error message was never \def'ed. If you have
misspelled it (e.g., `\hobx'), type `I' and the correct
spelling (e.g., `I\hbox'). Otherwise just continue,
and I'll forget about whatever was undefined.

Missing character: There is no . in font nullfont!
c:/Users/sousou/Desktop/Book_Maths_Bac_Eco/examens/examen_blanc_1.tex:119: Undefined control sequence.
l.119 \lignerep
               \lignerep\lignerep\lignerep\lignerep\lignerep\lignerep\ligner...
The control sequence at the end of the top line
of your error message was never \def'ed. If you have
misspelled it (e.g., `\hobx'), type `I' and the correct
spelling (e.g., `I\hbox'). Otherwise just continue,
and I'll forget about whatever was undefined.

c:/Users/sousou/Desktop/Book_Maths_Bac_Eco/examens/examen_blanc_1.tex:119: Undefined control sequence.
l.119 \lignerep\lignerep
                        \lignerep\lignerep\lignerep\lignerep\lignerep\ligner...
The control sequence at the end of the top line
of your error message was never \def'ed. If you have
misspelled it (e.g., `\hobx'), type `I' and the correct
spelling (e.g., `I\hbox'). Otherwise just continue,
and I'll forget about whatever was undefined.

c:/Users/sousou/Desktop/Book_Maths_Bac_Eco/examens/examen_blanc_1.tex:119: Undefined control sequence.
l.119 \lignerep\lignerep\lignerep
                                 \lignerep\lignerep\lignerep\lignerep\ligner...
The control sequence at the end of the top line
of your error message was never \def'ed. If you have
misspelled it (e.g., `\hobx'), type `I' and the correct
spelling (e.g., `I\hbox'). Otherwise just continue,
and I'll forget about whatever was undefined.

c:/Users/sousou/Desktop/Book_Maths_Bac_Eco/examens/examen_blanc_1.tex:119: Undefined control sequence.
l.119 \lignerep\lignerep\lignerep\lignerep
                                          \lignerep\lignerep\lignerep\ligner...
The control sequence at the end of the top line
of your error message was never \def'ed. If you have
misspelled it (e.g., `\hobx'), type `I' and the correct
spelling (e.g., `I\hbox'). Otherwise just continue,
and I'll forget about whatever was undefined.

c:/Users/sousou/Desktop/Book_Maths_Bac_Eco/examens/examen_blanc_1.tex:119: Undefined control sequence.
l.119 ...nerep\lignerep\lignerep\lignerep\lignerep
                                                  \lignerep\lignerep\lignere...
The control sequence at the end of the top line
of your error message was never \def'ed. If you have
misspelled it (e.g., `\hobx'), type `I' and the correct
spelling (e.g., `I\hbox'). Otherwise just continue,
and I'll forget about whatever was undefined.

c:/Users/sousou/Desktop/Book_Maths_Bac_Eco/examens/examen_blanc_1.tex:119: Undefined control sequence.
l.119 ...nerep\lignerep\lignerep\lignerep\lignerep
                                                  \lignerep\lignerep\lignere...
The control sequence at the end of the top line
of your error message was never \def'ed. If you have
misspelled it (e.g., `\hobx'), type `I' and the correct
spelling (e.g., `I\hbox'). Otherwise just continue,
and I'll forget about whatever was undefined.

c:/Users/sousou/Desktop/Book_Maths_Bac_Eco/examens/examen_blanc_1.tex:119: Undefined control sequence.
l.119 ...nerep\lignerep\lignerep\lignerep\lignerep
                                                  \lignerep\lignerep\lignere...
The control sequence at the end of the top line
of your error message was never \def'ed. If you have
misspelled it (e.g., `\hobx'), type `I' and the correct
spelling (e.g., `I\hbox'). Otherwise just continue,
and I'll forget about whatever was undefined.

c:/Users/sousou/Desktop/Book_Maths_Bac_Eco/examens/examen_blanc_1.tex:119: Undefined control sequence.
l.119 ...nerep\lignerep\lignerep\lignerep\lignerep
                                                  \lignerep\lignerep\lignere...
The control sequence at the end of the top line
of your error message was never \def'ed. If you have
misspelled it (e.g., `\hobx'), type `I' and the correct
spelling (e.g., `I\hbox'). Otherwise just continue,
and I'll forget about whatever was undefined.

c:/Users/sousou/Desktop/Book_Maths_Bac_Eco/examens/examen_blanc_1.tex:119: Undefined control sequence.
l.119 ...nerep\lignerep\lignerep\lignerep\lignerep
                                                  \lignerep\lignerep\lignerep
The control sequence at the end of the top line
of your error message was never \def'ed. If you have
misspelled it (e.g., `\hobx'), type `I' and the correct
spelling (e.g., `I\hbox'). Otherwise just continue,
and I'll forget about whatever was undefined.

c:/Users/sousou/Desktop/Book_Maths_Bac_Eco/examens/examen_blanc_1.tex:119: Undefined control sequence.
l.119 ...nerep\lignerep\lignerep\lignerep\lignerep
                                                  \lignerep\lignerep
The control sequence at the end of the top line
of your error message was never \def'ed. If you have
misspelled it (e.g., `\hobx'), type `I' and the correct
spelling (e.g., `I\hbox'). Otherwise just continue,
and I'll forget about whatever was undefined.

c:/Users/sousou/Desktop/Book_Maths_Bac_Eco/examens/examen_blanc_1.tex:119: Undefined control sequence.
l.119 ...nerep\lignerep\lignerep\lignerep\lignerep
                                                  \lignerep
The control sequence at the end of the top line
of your error message was never \def'ed. If you have
misspelled it (e.g., `\hobx'), type `I' and the correct
spelling (e.g., `I\hbox'). Otherwise just continue,
and I'll forget about whatever was undefined.

c:/Users/sousou/Desktop/Book_Maths_Bac_Eco/examens/examen_blanc_1.tex:119: Undefined control sequence.
l.119 ...nerep\lignerep\lignerep\lignerep\lignerep
                                                  
The control sequence at the end of the top line
of your error message was never \def'ed. If you have
misspelled it (e.g., `\hobx'), type `I' and the correct
spelling (e.g., `I\hbox'). Otherwise just continue,
and I'll forget about whatever was undefined.


Overfull \hbox (432.4818pt too wide) in paragraph at lines 114--120
[] 
 []

c:/Users/sousou/Desktop/Book_Maths_Bac_Eco/examens/examen_blanc_1.tex:124: Undefined control sequence.
l.124   \textcolor
                  {burgundy}{\textbf{0,25}} &
The control sequence at the end of the top line
of your error message was never \def'ed. If you have
misspelled it (e.g., `\hobx'), type `I' and the correct
spelling (e.g., `I\hbox'). Otherwise just continue,
and I'll forget about whatever was undefined.

Missing character: There is no b in font nullfont!
Missing character: There is no u in font nullfont!
Missing character: There is no r in font nullfont!
Missing character: There is no g in font nullfont!
Missing character: There is no u in font nullfont!
Missing character: There is no n in font nullfont!
Missing character: There is no d in font nullfont!
Missing character: There is no y in font nullfont!
Missing character: There is no V in font nullfont!
Missing character: There is no r in font nullfont!
Missing character: There is no i in font nullfont!
Missing character: There is no f in font nullfont!
Missing character: There is no i in font nullfont!
Missing character: There is no e in font nullfont!
Missing character: There is no r in font nullfont!
Missing character: There is no q in font nullfont!
Missing character: There is no u in font nullfont!
Missing character: There is no e in font nullfont!
c:/Users/sousou/Desktop/Book_Maths_Bac_Eco/examens/examen_blanc_1.tex:125: Undefined control sequence.
l.125 ...3) a-} V\'{e}rifier que $u_{n+1} = \dfrac
                                                  {6u_n + 5}{u_n + 2}$ pour ...
The control sequence at the end of the top line
of your error message was never \def'ed. If you have
misspelled it (e.g., `\hobx'), type `I' and the correct
spelling (e.g., `I\hbox'). Otherwise just continue,
and I'll forget about whatever was undefined.

Missing character: There is no p in font nullfont!
Missing character: There is no o in font nullfont!
Missing character: There is no u in font nullfont!
Missing character: There is no r in font nullfont!
Missing character: There is no t in font nullfont!
Missing character: There is no o in font nullfont!
Missing character: There is no u in font nullfont!
Missing character: There is no t in font nullfont!
c:/Users/sousou/Desktop/Book_Maths_Bac_Eco/examens/examen_blanc_1.tex:125: Undefined control sequence.
l.125 ...c{6u_n + 5}{u_n + 2}$ pour tout $n \in \N
                                                  $.
The control sequence at the end of the top line
of your error message was never \def'ed. If you have
misspelled it (e.g., `\hobx'), type `I' and the correct
spelling (e.g., `I\hbox'). Otherwise just continue,
and I'll forget about whatever was undefined.

Missing character: There is no . in font nullfont!
c:/Users/sousou/Desktop/Book_Maths_Bac_Eco/examens/examen_blanc_1.tex:127: Undefined control sequence.
l.127 \lignerep
               \lignerep\lignerep\lignerep
The control sequence at the end of the top line
of your error message was never \def'ed. If you have
misspelled it (e.g., `\hobx'), type `I' and the correct
spelling (e.g., `I\hbox'). Otherwise just continue,
and I'll forget about whatever was undefined.

c:/Users/sousou/Desktop/Book_Maths_Bac_Eco/examens/examen_blanc_1.tex:127: Undefined control sequence.
l.127 \lignerep\lignerep
                        \lignerep\lignerep
The control sequence at the end of the top line
of your error message was never \def'ed. If you have
misspelled it (e.g., `\hobx'), type `I' and the correct
spelling (e.g., `I\hbox'). Otherwise just continue,
and I'll forget about whatever was undefined.

c:/Users/sousou/Desktop/Book_Maths_Bac_Eco/examens/examen_blanc_1.tex:127: Undefined control sequence.
l.127 \lignerep\lignerep\lignerep
                                 \lignerep
The control sequence at the end of the top line
of your error message was never \def'ed. If you have
misspelled it (e.g., `\hobx'), type `I' and the correct
spelling (e.g., `I\hbox'). Otherwise just continue,
and I'll forget about whatever was undefined.

c:/Users/sousou/Desktop/Book_Maths_Bac_Eco/examens/examen_blanc_1.tex:127: Undefined control sequence.
l.127 \lignerep\lignerep\lignerep\lignerep
                                          
The control sequence at the end of the top line
of your error message was never \def'ed. If you have
misspelled it (e.g., `\hobx'), type `I' and the correct
spelling (e.g., `I\hbox'). Otherwise just continue,
and I'll forget about whatever was undefined.


Overfull \hbox (432.4818pt too wide) in paragraph at lines 122--128
[] 
 []

c:/Users/sousou/Desktop/Book_Maths_Bac_Eco/examens/examen_blanc_1.tex:132: Undefined control sequence.
l.132   \textcolor
                  {burgundy}{\textbf{0,5}} &
The control sequence at the end of the top line
of your error message was never \def'ed. If you have
misspelled it (e.g., `\hobx'), type `I' and the correct
spelling (e.g., `I\hbox'). Otherwise just continue,
and I'll forget about whatever was undefined.

Missing character: There is no b in font nullfont!
Missing character: There is no u in font nullfont!
Missing character: There is no r in font nullfont!
Missing character: There is no g in font nullfont!
Missing character: There is no u in font nullfont!
Missing character: There is no n in font nullfont!
Missing character: There is no d in font nullfont!
Missing character: There is no y in font nullfont!
Missing character: There is no M in font nullfont!
Missing character: There is no o in font nullfont!
Missing character: There is no n in font nullfont!
Missing character: There is no t in font nullfont!
Missing character: There is no r in font nullfont!
Missing character: There is no e in font nullfont!
Missing character: There is no r in font nullfont!
Missing character: There is no q in font nullfont!
Missing character: There is no u in font nullfont!
Missing character: There is no e in font nullfont!
c:/Users/sousou/Desktop/Book_Maths_Bac_Eco/examens/examen_blanc_1.tex:133: Undefined control sequence.
l.133 ...f{b-} Montrer que $u_{n+1} - u_n = \dfrac
                                                  {-(u_n-5)(1+u_n)}{u_n+2}$
The control sequence at the end of the top line
of your error message was never \def'ed. If you have
misspelled it (e.g., `\hobx'), type `I' and the correct
spelling (e.g., `I\hbox'). Otherwise just continue,
and I'll forget about whatever was undefined.

Missing character: There is no p in font nullfont!
Missing character: There is no o in font nullfont!
Missing character: There is no u in font nullfont!
Missing character: There is no r in font nullfont!
Missing character: There is no t in font nullfont!
Missing character: There is no o in font nullfont!
Missing character: There is no u in font nullfont!
Missing character: There is no t in font nullfont!
c:/Users/sousou/Desktop/Book_Maths_Bac_Eco/examens/examen_blanc_1.tex:134: Undefined control sequence.
l.134   pour tout $n \in \N
                           $, puis d\'{e}duire que $(u_n)$ est croissante.
The control sequence at the end of the top line
of your error message was never \def'ed. If you have
misspelled it (e.g., `\hobx'), type `I' and the correct
spelling (e.g., `I\hbox'). Otherwise just continue,
and I'll forget about whatever was undefined.

Missing character: There is no , in font nullfont!
Missing character: There is no p in font nullfont!
Missing character: There is no u in font nullfont!
Missing character: There is no i in font nullfont!
Missing character: There is no s in font nullfont!
Missing character: There is no d in font nullfont!
Missing character: There is no d in font nullfont!
Missing character: There is no u in font nullfont!
Missing character: There is no i in font nullfont!
Missing character: There is no r in font nullfont!
Missing character: There is no e in font nullfont!
Missing character: There is no q in font nullfont!
Missing character: There is no u in font nullfont!
Missing character: There is no e in font nullfont!
Missing character: There is no e in font nullfont!
Missing character: There is no s in font nullfont!
Missing character: There is no t in font nullfont!
Missing character: There is no c in font nullfont!
Missing character: There is no r in font nullfont!
Missing character: There is no o in font nullfont!
Missing character: There is no i in font nullfont!
Missing character: There is no s in font nullfont!
Missing character: There is no s in font nullfont!
Missing character: There is no a in font nullfont!
Missing character: There is no n in font nullfont!
Missing character: There is no t in font nullfont!
Missing character: There is no e in font nullfont!
Missing character: There is no . in font nullfont!
c:/Users/sousou/Desktop/Book_Maths_Bac_Eco/examens/examen_blanc_1.tex:136: Undefined control sequence.
l.136 \lignerep
               \lignerep\lignerep\lignerep\lignerep\lignerep\lignerep\lignerep
The control sequence at the end of the top line
of your error message was never \def'ed. If you have
misspelled it (e.g., `\hobx'), type `I' and the correct
spelling (e.g., `I\hbox'). Otherwise just continue,
and I'll forget about whatever was undefined.

c:/Users/sousou/Desktop/Book_Maths_Bac_Eco/examens/examen_blanc_1.tex:136: Undefined control sequence.
l.136 \lignerep\lignerep
                        \lignerep\lignerep\lignerep\lignerep\lignerep\lignerep
The control sequence at the end of the top line
of your error message was never \def'ed. If you have
misspelled it (e.g., `\hobx'), type `I' and the correct
spelling (e.g., `I\hbox'). Otherwise just continue,
and I'll forget about whatever was undefined.

c:/Users/sousou/Desktop/Book_Maths_Bac_Eco/examens/examen_blanc_1.tex:136: Undefined control sequence.
l.136 \lignerep\lignerep\lignerep
                                 \lignerep\lignerep\lignerep\lignerep\lignerep
The control sequence at the end of the top line
of your error message was never \def'ed. If you have
misspelled it (e.g., `\hobx'), type `I' and the correct
spelling (e.g., `I\hbox'). Otherwise just continue,
and I'll forget about whatever was undefined.

c:/Users/sousou/Desktop/Book_Maths_Bac_Eco/examens/examen_blanc_1.tex:136: Undefined control sequence.
l.136 \lignerep\lignerep\lignerep\lignerep
                                          \lignerep\lignerep\lignerep\lignerep
The control sequence at the end of the top line
of your error message was never \def'ed. If you have
misspelled it (e.g., `\hobx'), type `I' and the correct
spelling (e.g., `I\hbox'). Otherwise just continue,
and I'll forget about whatever was undefined.

c:/Users/sousou/Desktop/Book_Maths_Bac_Eco/examens/examen_blanc_1.tex:136: Undefined control sequence.
l.136 ...nerep\lignerep\lignerep\lignerep\lignerep
                                                  \lignerep\lignerep\lignerep
The control sequence at the end of the top line
of your error message was never \def'ed. If you have
misspelled it (e.g., `\hobx'), type `I' and the correct
spelling (e.g., `I\hbox'). Otherwise just continue,
and I'll forget about whatever was undefined.

c:/Users/sousou/Desktop/Book_Maths_Bac_Eco/examens/examen_blanc_1.tex:136: Undefined control sequence.
l.136 ...nerep\lignerep\lignerep\lignerep\lignerep
                                                  \lignerep\lignerep
The control sequence at the end of the top line
of your error message was never \def'ed. If you have
misspelled it (e.g., `\hobx'), type `I' and the correct
spelling (e.g., `I\hbox'). Otherwise just continue,
and I'll forget about whatever was undefined.

c:/Users/sousou/Desktop/Book_Maths_Bac_Eco/examens/examen_blanc_1.tex:136: Undefined control sequence.
l.136 ...nerep\lignerep\lignerep\lignerep\lignerep
                                                  \lignerep
The control sequence at the end of the top line
of your error message was never \def'ed. If you have
misspelled it (e.g., `\hobx'), type `I' and the correct
spelling (e.g., `I\hbox'). Otherwise just continue,
and I'll forget about whatever was undefined.

c:/Users/sousou/Desktop/Book_Maths_Bac_Eco/examens/examen_blanc_1.tex:136: Undefined control sequence.
l.136 ...nerep\lignerep\lignerep\lignerep\lignerep
                                                  
The control sequence at the end of the top line
of your error message was never \def'ed. If you have
misspelled it (e.g., `\hobx'), type `I' and the correct
spelling (e.g., `I\hbox'). Otherwise just continue,
and I'll forget about whatever was undefined.


Overfull \hbox (432.4818pt too wide) in paragraph at lines 130--137
[] 
 []

c:/Users/sousou/Desktop/Book_Maths_Bac_Eco/examens/examen_blanc_1.tex:141: Undefined control sequence.
l.141   \textcolor
                  {burgundy}{\textbf{0,25}} &
The control sequence at the end of the top line
of your error message was never \def'ed. If you have
misspelled it (e.g., `\hobx'), type `I' and the correct
spelling (e.g., `I\hbox'). Otherwise just continue,
and I'll forget about whatever was undefined.

Missing character: There is no b in font nullfont!
Missing character: There is no u in font nullfont!
Missing character: There is no r in font nullfont!
Missing character: There is no g in font nullfont!
Missing character: There is no u in font nullfont!
Missing character: There is no n in font nullfont!
Missing character: There is no d in font nullfont!
Missing character: There is no y in font nullfont!
Missing character: There is no E in font nullfont!
Missing character: There is no n in font nullfont!
Missing character: There is no d in font nullfont!
Missing character: There is no d in font nullfont!
Missing character: There is no u in font nullfont!
Missing character: There is no i in font nullfont!
Missing character: There is no r in font nullfont!
Missing character: There is no e in font nullfont!
Missing character: There is no q in font nullfont!
Missing character: There is no u in font nullfont!
Missing character: There is no e in font nullfont!
Missing character: There is no e in font nullfont!
Missing character: There is no s in font nullfont!
Missing character: There is no t in font nullfont!
Missing character: There is no c in font nullfont!
Missing character: There is no o in font nullfont!
Missing character: There is no n in font nullfont!
Missing character: There is no v in font nullfont!
Missing character: There is no e in font nullfont!
Missing character: There is no r in font nullfont!
Missing character: There is no g in font nullfont!
Missing character: There is no e in font nullfont!
Missing character: There is no n in font nullfont!
Missing character: There is no t in font nullfont!
Missing character: There is no e in font nullfont!
Missing character: There is no . in font nullfont!
c:/Users/sousou/Desktop/Book_Maths_Bac_Eco/examens/examen_blanc_1.tex:144: Undefined control sequence.
l.144 \lignerep
               \lignerep\lignerep\lignerep
The control sequence at the end of the top line
of your error message was never \def'ed. If you have
misspelled it (e.g., `\hobx'), type `I' and the correct
spelling (e.g., `I\hbox'). Otherwise just continue,
and I'll forget about whatever was undefined.

c:/Users/sousou/Desktop/Book_Maths_Bac_Eco/examens/examen_blanc_1.tex:144: Undefined control sequence.
l.144 \lignerep\lignerep
                        \lignerep\lignerep
The control sequence at the end of the top line
of your error message was never \def'ed. If you have
misspelled it (e.g., `\hobx'), type `I' and the correct
spelling (e.g., `I\hbox'). Otherwise just continue,
and I'll forget about whatever was undefined.

c:/Users/sousou/Desktop/Book_Maths_Bac_Eco/examens/examen_blanc_1.tex:144: Undefined control sequence.
l.144 \lignerep\lignerep\lignerep
                                 \lignerep
The control sequence at the end of the top line
of your error message was never \def'ed. If you have
misspelled it (e.g., `\hobx'), type `I' and the correct
spelling (e.g., `I\hbox'). Otherwise just continue,
and I'll forget about whatever was undefined.

c:/Users/sousou/Desktop/Book_Maths_Bac_Eco/examens/examen_blanc_1.tex:144: Undefined control sequence.
l.144 \lignerep\lignerep\lignerep\lignerep
                                          
The control sequence at the end of the top line
of your error message was never \def'ed. If you have
misspelled it (e.g., `\hobx'), type `I' and the correct
spelling (e.g., `I\hbox'). Otherwise just continue,
and I'll forget about whatever was undefined.


Overfull \hbox (432.4818pt too wide) in paragraph at lines 139--145
[] 
 []

c:/Users/sousou/Desktop/Book_Maths_Bac_Eco/examens/examen_blanc_1.tex:149: Undefined control sequence.
l.149   \textcolor
                  {burgundy}{\textbf{0,5}} &
The control sequence at the end of the top line
of your error message was never \def'ed. If you have
misspelled it (e.g., `\hobx'), type `I' and the correct
spelling (e.g., `I\hbox'). Otherwise just continue,
and I'll forget about whatever was undefined.

Missing character: There is no b in font nullfont!
Missing character: There is no u in font nullfont!
Missing character: There is no r in font nullfont!
Missing character: There is no g in font nullfont!
Missing character: There is no u in font nullfont!
Missing character: There is no n in font nullfont!
Missing character: There is no d in font nullfont!
Missing character: There is no y in font nullfont!
Missing character: There is no O in font nullfont!
Missing character: There is no n in font nullfont!
Missing character: There is no c in font nullfont!
Missing character: There is no o in font nullfont!
Missing character: There is no n in font nullfont!
Missing character: There is no s in font nullfont!
Missing character: There is no i in font nullfont!
Missing character: There is no d in font nullfont!
Missing character: There is no r in font nullfont!
Missing character: There is no e in font nullfont!
Missing character: There is no d in font nullfont!
Missing character: There is no f in font nullfont!
Missing character: There is no i in font nullfont!
Missing character: There is no n in font nullfont!
Missing character: There is no i in font nullfont!
Missing character: There is no e in font nullfont!
Missing character: There is no p in font nullfont!
Missing character: There is no a in font nullfont!
Missing character: There is no r in font nullfont!
c:/Users/sousou/Desktop/Book_Maths_Bac_Eco/examens/examen_blanc_1.tex:151: Undefined control sequence.
l.151   $v_n = \dfrac
                     {u_n-5}{u_n+1}$ pour tout $n \in \N$.\\[4pt]
The control sequence at the end of the top line
of your error message was never \def'ed. If you have
misspelled it (e.g., `\hobx'), type `I' and the correct
spelling (e.g., `I\hbox'). Otherwise just continue,
and I'll forget about whatever was undefined.

Missing character: There is no p in font nullfont!
Missing character: There is no o in font nullfont!
Missing character: There is no u in font nullfont!
Missing character: There is no r in font nullfont!
Missing character: There is no t in font nullfont!
Missing character: There is no o in font nullfont!
Missing character: There is no u in font nullfont!
Missing character: There is no t in font nullfont!
c:/Users/sousou/Desktop/Book_Maths_Bac_Eco/examens/examen_blanc_1.tex:151: Undefined control sequence.
l.151 ...\dfrac{u_n-5}{u_n+1}$ pour tout $n \in \N
                                                  $.\\[4pt]
The control sequence at the end of the top line
of your error message was never \def'ed. If you have
misspelled it (e.g., `\hobx'), type `I' and the correct
spelling (e.g., `I\hbox'). Otherwise just continue,
and I'll forget about whatever was undefined.

Missing character: There is no . in font nullfont!
Missing character: There is no M in font nullfont!
Missing character: There is no o in font nullfont!
Missing character: There is no n in font nullfont!
Missing character: There is no t in font nullfont!
Missing character: There is no r in font nullfont!
Missing character: There is no e in font nullfont!
Missing character: There is no r in font nullfont!
Missing character: There is no q in font nullfont!
Missing character: There is no u in font nullfont!
Missing character: There is no e in font nullfont!
Missing character: There is no e in font nullfont!
Missing character: There is no s in font nullfont!
Missing character: There is no t in font nullfont!
Missing character: There is no g in font nullfont!
Missing character: There is no o in font nullfont!
Missing character: There is no m in font nullfont!
Missing character: There is no t in font nullfont!
Missing character: There is no r in font nullfont!
Missing character: There is no i in font nullfont!
Missing character: There is no q in font nullfont!
Missing character: There is no u in font nullfont!
Missing character: There is no e in font nullfont!
Missing character: There is no d in font nullfont!
Missing character: There is no e in font nullfont!
Missing character: There is no r in font nullfont!
Missing character: There is no a in font nullfont!
Missing character: There is no i in font nullfont!
Missing character: There is no s in font nullfont!
Missing character: There is no o in font nullfont!
Missing character: There is no n in font nullfont!
c:/Users/sousou/Desktop/Book_Maths_Bac_Eco/examens/examen_blanc_1.tex:152: Undefined control sequence.
<recently read> \dfrac 
                       
l.152 ...est g\'{e}om\'{e}trique de raison $\dfrac
                                                  {1}{7}$.
The control sequence at the end of the top line
of your error message was never \def'ed. If you have
misspelled it (e.g., `\hobx'), type `I' and the correct
spelling (e.g., `I\hbox'). Otherwise just continue,
and I'll forget about whatever was undefined.

Missing character: There is no . in font nullfont!
c:/Users/sousou/Desktop/Book_Maths_Bac_Eco/examens/examen_blanc_1.tex:154: Undefined control sequence.
l.154 \lignerep
               \lignerep\lignerep\lignerep\lignerep\lignerep\lignerep\ligner...
The control sequence at the end of the top line
of your error message was never \def'ed. If you have
misspelled it (e.g., `\hobx'), type `I' and the correct
spelling (e.g., `I\hbox'). Otherwise just continue,
and I'll forget about whatever was undefined.

c:/Users/sousou/Desktop/Book_Maths_Bac_Eco/examens/examen_blanc_1.tex:154: Undefined control sequence.
l.154 \lignerep\lignerep
                        \lignerep\lignerep\lignerep\lignerep\lignerep\ligner...
The control sequence at the end of the top line
of your error message was never \def'ed. If you have
misspelled it (e.g., `\hobx'), type `I' and the correct
spelling (e.g., `I\hbox'). Otherwise just continue,
and I'll forget about whatever was undefined.

c:/Users/sousou/Desktop/Book_Maths_Bac_Eco/examens/examen_blanc_1.tex:154: Undefined control sequence.
l.154 \lignerep\lignerep\lignerep
                                 \lignerep\lignerep\lignerep\lignerep\ligner...
The control sequence at the end of the top line
of your error message was never \def'ed. If you have
misspelled it (e.g., `\hobx'), type `I' and the correct
spelling (e.g., `I\hbox'). Otherwise just continue,
and I'll forget about whatever was undefined.

c:/Users/sousou/Desktop/Book_Maths_Bac_Eco/examens/examen_blanc_1.tex:154: Undefined control sequence.
l.154 \lignerep\lignerep\lignerep\lignerep
                                          \lignerep\lignerep\lignerep\ligner...
The control sequence at the end of the top line
of your error message was never \def'ed. If you have
misspelled it (e.g., `\hobx'), type `I' and the correct
spelling (e.g., `I\hbox'). Otherwise just continue,
and I'll forget about whatever was undefined.

c:/Users/sousou/Desktop/Book_Maths_Bac_Eco/examens/examen_blanc_1.tex:154: Undefined control sequence.
l.154 ...nerep\lignerep\lignerep\lignerep\lignerep
                                                  \lignerep\lignerep\lignere...
The control sequence at the end of the top line
of your error message was never \def'ed. If you have
misspelled it (e.g., `\hobx'), type `I' and the correct
spelling (e.g., `I\hbox'). Otherwise just continue,
and I'll forget about whatever was undefined.

c:/Users/sousou/Desktop/Book_Maths_Bac_Eco/examens/examen_blanc_1.tex:154: Undefined control sequence.
l.154 ...nerep\lignerep\lignerep\lignerep\lignerep
                                                  \lignerep\lignerep\lignerep
The control sequence at the end of the top line
of your error message was never \def'ed. If you have
misspelled it (e.g., `\hobx'), type `I' and the correct
spelling (e.g., `I\hbox'). Otherwise just continue,
and I'll forget about whatever was undefined.

c:/Users/sousou/Desktop/Book_Maths_Bac_Eco/examens/examen_blanc_1.tex:154: Undefined control sequence.
l.154 ...nerep\lignerep\lignerep\lignerep\lignerep
                                                  \lignerep\lignerep
The control sequence at the end of the top line
of your error message was never \def'ed. If you have
misspelled it (e.g., `\hobx'), type `I' and the correct
spelling (e.g., `I\hbox'). Otherwise just continue,
and I'll forget about whatever was undefined.

c:/Users/sousou/Desktop/Book_Maths_Bac_Eco/examens/examen_blanc_1.tex:154: Undefined control sequence.
l.154 ...nerep\lignerep\lignerep\lignerep\lignerep
                                                  \lignerep
The control sequence at the end of the top line
of your error message was never \def'ed. If you have
misspelled it (e.g., `\hobx'), type `I' and the correct
spelling (e.g., `I\hbox'). Otherwise just continue,
and I'll forget about whatever was undefined.

c:/Users/sousou/Desktop/Book_Maths_Bac_Eco/examens/examen_blanc_1.tex:154: Undefined control sequence.
l.154 ...nerep\lignerep\lignerep\lignerep\lignerep
                                                  
The control sequence at the end of the top line
of your error message was never \def'ed. If you have
misspelled it (e.g., `\hobx'), type `I' and the correct
spelling (e.g., `I\hbox'). Otherwise just continue,
and I'll forget about whatever was undefined.


Overfull \hbox (432.4818pt too wide) in paragraph at lines 147--155
[] 
 []

c:/Users/sousou/Desktop/Book_Maths_Bac_Eco/examens/examen_blanc_1.tex:159: Undefined control sequence.
l.159   \textcolor
                  {burgundy}{\textbf{0,5}} &
The control sequence at the end of the top line
of your error message was never \def'ed. If you have
misspelled it (e.g., `\hobx'), type `I' and the correct
spelling (e.g., `I\hbox'). Otherwise just continue,
and I'll forget about whatever was undefined.

Missing character: There is no b in font nullfont!
Missing character: There is no u in font nullfont!
Missing character: There is no r in font nullfont!
Missing character: There is no g in font nullfont!
Missing character: There is no u in font nullfont!
Missing character: There is no n in font nullfont!
Missing character: There is no d in font nullfont!
Missing character: There is no y in font nullfont!
Missing character: There is no D in font nullfont!
Missing character: There is no t in font nullfont!
Missing character: There is no e in font nullfont!
Missing character: There is no r in font nullfont!
Missing character: There is no m in font nullfont!
Missing character: There is no i in font nullfont!
Missing character: There is no n in font nullfont!
Missing character: There is no e in font nullfont!
Missing character: There is no r in font nullfont!
Missing character: There is no e in font nullfont!
Missing character: There is no n in font nullfont!
Missing character: There is no f in font nullfont!
Missing character: There is no o in font nullfont!
Missing character: There is no n in font nullfont!
Missing character: There is no c in font nullfont!
Missing character: There is no t in font nullfont!
Missing character: There is no i in font nullfont!
Missing character: There is no o in font nullfont!
Missing character: There is no n in font nullfont!
Missing character: There is no d in font nullfont!
Missing character: There is no e in font nullfont!
Missing character: There is no , in font nullfont!
Missing character: There is no p in font nullfont!
Missing character: There is no u in font nullfont!
Missing character: There is no i in font nullfont!
Missing character: There is no s in font nullfont!
Missing character: There is no e in font nullfont!
Missing character: There is no n in font nullfont!
Missing character: There is no f in font nullfont!
Missing character: There is no o in font nullfont!
Missing character: There is no n in font nullfont!
Missing character: There is no c in font nullfont!
Missing character: There is no t in font nullfont!
Missing character: There is no i in font nullfont!
Missing character: There is no o in font nullfont!
Missing character: There is no n in font nullfont!
Missing character: There is no d in font nullfont!
Missing character: There is no e in font nullfont!
Missing character: There is no . in font nullfont!
c:/Users/sousou/Desktop/Book_Maths_Bac_Eco/examens/examen_blanc_1.tex:162: Undefined control sequence.
l.162 \lignerep
               \lignerep\lignerep\lignerep\lignerep\lignerep
The control sequence at the end of the top line
of your error message was never \def'ed. If you have
misspelled it (e.g., `\hobx'), type `I' and the correct
spelling (e.g., `I\hbox'). Otherwise just continue,
and I'll forget about whatever was undefined.

c:/Users/sousou/Desktop/Book_Maths_Bac_Eco/examens/examen_blanc_1.tex:162: Undefined control sequence.
l.162 \lignerep\lignerep
                        \lignerep\lignerep\lignerep\lignerep
The control sequence at the end of the top line
of your error message was never \def'ed. If you have
misspelled it (e.g., `\hobx'), type `I' and the correct
spelling (e.g., `I\hbox'). Otherwise just continue,
and I'll forget about whatever was undefined.

c:/Users/sousou/Desktop/Book_Maths_Bac_Eco/examens/examen_blanc_1.tex:162: Undefined control sequence.
l.162 \lignerep\lignerep\lignerep
                                 \lignerep\lignerep\lignerep
The control sequence at the end of the top line
of your error message was never \def'ed. If you have
misspelled it (e.g., `\hobx'), type `I' and the correct
spelling (e.g., `I\hbox'). Otherwise just continue,
and I'll forget about whatever was undefined.

c:/Users/sousou/Desktop/Book_Maths_Bac_Eco/examens/examen_blanc_1.tex:162: Undefined control sequence.
l.162 \lignerep\lignerep\lignerep\lignerep
                                          \lignerep\lignerep
The control sequence at the end of the top line
of your error message was never \def'ed. If you have
misspelled it (e.g., `\hobx'), type `I' and the correct
spelling (e.g., `I\hbox'). Otherwise just continue,
and I'll forget about whatever was undefined.

c:/Users/sousou/Desktop/Book_Maths_Bac_Eco/examens/examen_blanc_1.tex:162: Undefined control sequence.
l.162 ...nerep\lignerep\lignerep\lignerep\lignerep
                                                  \lignerep
The control sequence at the end of the top line
of your error message was never \def'ed. If you have
misspelled it (e.g., `\hobx'), type `I' and the correct
spelling (e.g., `I\hbox'). Otherwise just continue,
and I'll forget about whatever was undefined.

c:/Users/sousou/Desktop/Book_Maths_Bac_Eco/examens/examen_blanc_1.tex:162: Undefined control sequence.
l.162 ...nerep\lignerep\lignerep\lignerep\lignerep
                                                  
The control sequence at the end of the top line
of your error message was never \def'ed. If you have
misspelled it (e.g., `\hobx'), type `I' and the correct
spelling (e.g., `I\hbox'). Otherwise just continue,
and I'll forget about whatever was undefined.


Overfull \hbox (432.4818pt too wide) in paragraph at lines 157--163
[] 
 []

c:/Users/sousou/Desktop/Book_Maths_Bac_Eco/examens/examen_blanc_1.tex:167: Undefined control sequence.
l.167   \textcolor
                  {burgundy}{\textbf{0,5}} &
The control sequence at the end of the top line
of your error message was never \def'ed. If you have
misspelled it (e.g., `\hobx'), type `I' and the correct
spelling (e.g., `I\hbox'). Otherwise just continue,
and I'll forget about whatever was undefined.

Missing character: There is no b in font nullfont!
Missing character: There is no u in font nullfont!
Missing character: There is no r in font nullfont!
Missing character: There is no g in font nullfont!
Missing character: There is no u in font nullfont!
Missing character: There is no n in font nullfont!
Missing character: There is no d in font nullfont!
Missing character: There is no y in font nullfont!
Missing character: There is no C in font nullfont!
Missing character: There is no a in font nullfont!
Missing character: There is no l in font nullfont!
Missing character: There is no c in font nullfont!
Missing character: There is no u in font nullfont!
Missing character: There is no l in font nullfont!
Missing character: There is no e in font nullfont!
Missing character: There is no r in font nullfont!
Missing character: There is no . in font nullfont!
c:/Users/sousou/Desktop/Book_Maths_Bac_Eco/examens/examen_blanc_1.tex:170: Undefined control sequence.
l.170 \lignerep
               \lignerep\lignerep\lignerep
The control sequence at the end of the top line
of your error message was never \def'ed. If you have
misspelled it (e.g., `\hobx'), type `I' and the correct
spelling (e.g., `I\hbox'). Otherwise just continue,
and I'll forget about whatever was undefined.

c:/Users/sousou/Desktop/Book_Maths_Bac_Eco/examens/examen_blanc_1.tex:170: Undefined control sequence.
l.170 \lignerep\lignerep
                        \lignerep\lignerep
The control sequence at the end of the top line
of your error message was never \def'ed. If you have
misspelled it (e.g., `\hobx'), type `I' and the correct
spelling (e.g., `I\hbox'). Otherwise just continue,
and I'll forget about whatever was undefined.

c:/Users/sousou/Desktop/Book_Maths_Bac_Eco/examens/examen_blanc_1.tex:170: Undefined control sequence.
l.170 \lignerep\lignerep\lignerep
                                 \lignerep
The control sequence at the end of the top line
of your error message was never \def'ed. If you have
misspelled it (e.g., `\hobx'), type `I' and the correct
spelling (e.g., `I\hbox'). Otherwise just continue,
and I'll forget about whatever was undefined.

c:/Users/sousou/Desktop/Book_Maths_Bac_Eco/examens/examen_blanc_1.tex:170: Undefined control sequence.
l.170 \lignerep\lignerep\lignerep\lignerep
                                          
The control sequence at the end of the top line
of your error message was never \def'ed. If you have
misspelled it (e.g., `\hobx'), type `I' and the correct
spelling (e.g., `I\hbox'). Otherwise just continue,
and I'll forget about whatever was undefined.


Overfull \hbox (432.4818pt too wide) in paragraph at lines 165--171
[] 
 []

c:/Users/sousou/Desktop/Book_Maths_Bac_Eco/examens/examen_blanc_1.tex:175: Undefined control sequence.
l.175   \textcolor
                  {burgundy}{\textbf{0,5}} &
The control sequence at the end of the top line
of your error message was never \def'ed. If you have
misspelled it (e.g., `\hobx'), type `I' and the correct
spelling (e.g., `I\hbox'). Otherwise just continue,
and I'll forget about whatever was undefined.

Missing character: There is no b in font nullfont!
Missing character: There is no u in font nullfont!
Missing character: There is no r in font nullfont!
Missing character: There is no g in font nullfont!
Missing character: There is no u in font nullfont!
Missing character: There is no n in font nullfont!
Missing character: There is no d in font nullfont!
Missing character: There is no y in font nullfont!
Missing character: There is no C in font nullfont!
Missing character: There is no a in font nullfont!
Missing character: There is no l in font nullfont!
Missing character: There is no c in font nullfont!
Missing character: There is no u in font nullfont!
Missing character: There is no l in font nullfont!
Missing character: There is no e in font nullfont!
Missing character: There is no r in font nullfont!
Missing character: There is no e in font nullfont!
Missing character: There is no n in font nullfont!
Missing character: There is no f in font nullfont!
Missing character: There is no o in font nullfont!
Missing character: There is no n in font nullfont!
Missing character: There is no c in font nullfont!
Missing character: There is no t in font nullfont!
Missing character: There is no i in font nullfont!
Missing character: There is no o in font nullfont!
Missing character: There is no n in font nullfont!
Missing character: There is no d in font nullfont!
Missing character: There is no e in font nullfont!
Missing character: There is no . in font nullfont!
c:/Users/sousou/Desktop/Book_Maths_Bac_Eco/examens/examen_blanc_1.tex:178: Undefined control sequence.
l.178 \lignerep
               \lignerep\lignerep\lignerep\lignerep\lignerep
The control sequence at the end of the top line
of your error message was never \def'ed. If you have
misspelled it (e.g., `\hobx'), type `I' and the correct
spelling (e.g., `I\hbox'). Otherwise just continue,
and I'll forget about whatever was undefined.

c:/Users/sousou/Desktop/Book_Maths_Bac_Eco/examens/examen_blanc_1.tex:178: Undefined control sequence.
l.178 \lignerep\lignerep
                        \lignerep\lignerep\lignerep\lignerep
The control sequence at the end of the top line
of your error message was never \def'ed. If you have
misspelled it (e.g., `\hobx'), type `I' and the correct
spelling (e.g., `I\hbox'). Otherwise just continue,
and I'll forget about whatever was undefined.

c:/Users/sousou/Desktop/Book_Maths_Bac_Eco/examens/examen_blanc_1.tex:178: Undefined control sequence.
l.178 \lignerep\lignerep\lignerep
                                 \lignerep\lignerep\lignerep
The control sequence at the end of the top line
of your error message was never \def'ed. If you have
misspelled it (e.g., `\hobx'), type `I' and the correct
spelling (e.g., `I\hbox'). Otherwise just continue,
and I'll forget about whatever was undefined.

c:/Users/sousou/Desktop/Book_Maths_Bac_Eco/examens/examen_blanc_1.tex:178: Undefined control sequence.
l.178 \lignerep\lignerep\lignerep\lignerep
                                          \lignerep\lignerep
The control sequence at the end of the top line
of your error message was never \def'ed. If you have
misspelled it (e.g., `\hobx'), type `I' and the correct
spelling (e.g., `I\hbox'). Otherwise just continue,
and I'll forget about whatever was undefined.

c:/Users/sousou/Desktop/Book_Maths_Bac_Eco/examens/examen_blanc_1.tex:178: Undefined control sequence.
l.178 ...nerep\lignerep\lignerep\lignerep\lignerep
                                                  \lignerep
The control sequence at the end of the top line
of your error message was never \def'ed. If you have
misspelled it (e.g., `\hobx'), type `I' and the correct
spelling (e.g., `I\hbox'). Otherwise just continue,
and I'll forget about whatever was undefined.

c:/Users/sousou/Desktop/Book_Maths_Bac_Eco/examens/examen_blanc_1.tex:178: Undefined control sequence.
l.178 ...nerep\lignerep\lignerep\lignerep\lignerep
                                                  
The control sequence at the end of the top line
of your error message was never \def'ed. If you have
misspelled it (e.g., `\hobx'), type `I' and the correct
spelling (e.g., `I\hbox'). Otherwise just continue,
and I'll forget about whatever was undefined.


Overfull \hbox (432.4818pt too wide) in paragraph at lines 173--179
[] 
 []


c:/Users/sousou/Desktop/Book_Maths_Bac_Eco/examens/examen_blanc_1.tex:180: LaTeX Error: The font size command \normalsize is not defined:
               there is probably something wrong with the class file.

See the LaTeX manual or LaTeX Companion for explanation.
Type  H <return>  for immediate help.
 ...                                              
                                                  
l.180 \newpage
              
Your command was ignored.
Type  I <command> <return>  to replace it with another command,
or  <return>  to continue without it.

[2]

c:/Users/sousou/Desktop/Book_Maths_Bac_Eco/examens/examen_blanc_1.tex:186: LaTeX Error: Environment exerciceBox undefined.

See the LaTeX manual or LaTeX Companion for explanation.
Type  H <return>  for immediate help.
 ...                                              
                                                  
l.186 \begin{exerciceBox}
                         {2}{1,5}
Your command was ignored.
Type  I <command> <return>  to replace it with another command,
or  <return>  to continue without it.

Missing character: There is no 2 in font nullfont!
Missing character: There is no 1 in font nullfont!
Missing character: There is no , in font nullfont!
Missing character: There is no 5 in font nullfont!
Missing character: There is no S in font nullfont!
Missing character: There is no o in font nullfont!
Missing character: There is no i in font nullfont!
Missing character: There is no t in font nullfont!
Missing character: There is no u in font nullfont!
Missing character: There is no n in font nullfont!
Missing character: There is no e in font nullfont!
Missing character: There is no v in font nullfont!
Missing character: There is no a in font nullfont!
Missing character: There is no r in font nullfont!
Missing character: There is no i in font nullfont!
Missing character: There is no a in font nullfont!
Missing character: There is no b in font nullfont!
Missing character: There is no l in font nullfont!
Missing character: There is no e in font nullfont!
Missing character: There is no a in font nullfont!
Missing character: There is no l in font nullfont!
Missing character: There is no a in font nullfont!
Missing character: There is no t in font nullfont!
Missing character: There is no o in font nullfont!
Missing character: There is no i in font nullfont!
Missing character: There is no r in font nullfont!
Missing character: There is no e in font nullfont!
Missing character: There is no d in font nullfont!
Missing character: There is no o in font nullfont!
Missing character: There is no n in font nullfont!
Missing character: There is no t in font nullfont!
Missing character: There is no l in font nullfont!
Missing character: There is no a in font nullfont!
Missing character: There is no l in font nullfont!
Missing character: There is no o in font nullfont!
Missing character: There is no i in font nullfont!
Missing character: There is no d in font nullfont!
Missing character: There is no e in font nullfont!
Missing character: There is no p in font nullfont!
Missing character: There is no r in font nullfont!
Missing character: There is no o in font nullfont!
Missing character: There is no b in font nullfont!
Missing character: There is no a in font nullfont!
Missing character: There is no b in font nullfont!
Missing character: There is no i in font nullfont!
Missing character: There is no l in font nullfont!
Missing character: There is no i in font nullfont!
Missing character: There is no t in font nullfont!
Missing character: There is no e in font nullfont!
Missing character: There is no s in font nullfont!
Missing character: There is no t in font nullfont!
Missing character: There is no : in font nullfont!

Overfull \hbox (20.0pt too wide) in paragraph at lines 186--189
[]
 []


Overfull \hbox (9.06943pt too wide) in paragraph at lines 186--189
\OML/cmm/m/it/10 X$
 []


Overfull \hbox (4.44444pt too wide) in paragraph at lines 186--189
\/cmr/m/n/10 ^^Se
 []


Overfull \hbox (4.44444pt too wide) in paragraph at lines 186--189
\/cmr/m/n/10 ^^Se
 []

c:/Users/sousou/Desktop/Book_Maths_Bac_Eco/examens/examen_blanc_1.tex:193: Undefined control sequence.
<recently read> \rowcolor 
                          
l.193     \rowcolor
                   {navylight}
The control sequence at the end of the top line
of your error message was never \def'ed. If you have
misspelled it (e.g., `\hobx'), type `I' and the correct
spelling (e.g., `I\hbox'). Otherwise just continue,
and I'll forget about whatever was undefined.

Missing character: There is no n in font nullfont!
Missing character: There is no a in font nullfont!
Missing character: There is no v in font nullfont!
Missing character: There is no y in font nullfont!
Missing character: There is no l in font nullfont!
Missing character: There is no i in font nullfont!
Missing character: There is no g in font nullfont!
Missing character: There is no h in font nullfont!
Missing character: There is no t in font nullfont!
c:/Users/sousou/Desktop/Book_Maths_Bac_Eco/examens/examen_blanc_1.tex:194: Undefined control sequence.
<recently read> \color 
                       
l.194     \textbf{\color{navy}$k$}
                                   & $-1$ & $1$ & $2$ \\
The control sequence at the end of the top line
of your error message was never \def'ed. If you have
misspelled it (e.g., `\hobx'), type `I' and the correct
spelling (e.g., `I\hbox'). Otherwise just continue,
and I'll forget about whatever was undefined.

c:/Users/sousou/Desktop/Book_Maths_Bac_Eco/examens/examen_blanc_1.tex:196: Undefined control sequence.
<recently read> \color 
                       
l.196     \textbf{\color{navy}$p(X = k)$}
                                          & $a$ & $2a$ & $3a$ \\
The control sequence at the end of the top line
of your error message was never \def'ed. If you have
misspelled it (e.g., `\hobx'), type `I' and the correct
spelling (e.g., `I\hbox'). Otherwise just continue,
and I'll forget about whatever was undefined.


Overfull \hbox (97.88069pt too wide) in paragraph at lines 191--199
 [] 
 []


c:/Users/sousou/Desktop/Book_Maths_Bac_Eco/examens/examen_blanc_1.tex:200: LaTeX Error: \begin{document} ended by \end{exerciceBox}.

See the LaTeX manual or LaTeX Companion for explanation.
Type  H <return>  for immediate help.
 ...                                              
                                                  
l.200 \end{exerciceBox}
                       
Your command was ignored.
Type  I <command> <return>  to replace it with another command,
or  <return>  to continue without it.

c:/Users/sousou/Desktop/Book_Maths_Bac_Eco/examens/examen_blanc_1.tex:206: Undefined control sequence.
l.206   \textcolor
                  {burgundy}{\textbf{0,5}} & \textbf{1.} D\'{e}terminer $a$.
The control sequence at the end of the top line
of your error message was never \def'ed. If you have
misspelled it (e.g., `\hobx'), type `I' and the correct
spelling (e.g., `I\hbox'). Otherwise just continue,
and I'll forget about whatever was undefined.

Missing character: There is no b in font nullfont!
Missing character: There is no u in font nullfont!
Missing character: There is no r in font nullfont!
Missing character: There is no g in font nullfont!
Missing character: There is no u in font nullfont!
Missing character: There is no n in font nullfont!
Missing character: There is no d in font nullfont!
Missing character: There is no y in font nullfont!
Missing character: There is no D in font nullfont!
Missing character: There is no t in font nullfont!
Missing character: There is no e in font nullfont!
Missing character: There is no r in font nullfont!
Missing character: There is no m in font nullfont!
Missing character: There is no i in font nullfont!
Missing character: There is no n in font nullfont!
Missing character: There is no e in font nullfont!
Missing character: There is no r in font nullfont!
Missing character: There is no . in font nullfont!
c:/Users/sousou/Desktop/Book_Maths_Bac_Eco/examens/examen_blanc_1.tex:208: Undefined control sequence.
l.208 \lignerep
               \lignerep\lignerep\lignerep
The control sequence at the end of the top line
of your error message was never \def'ed. If you have
misspelled it (e.g., `\hobx'), type `I' and the correct
spelling (e.g., `I\hbox'). Otherwise just continue,
and I'll forget about whatever was undefined.

c:/Users/sousou/Desktop/Book_Maths_Bac_Eco/examens/examen_blanc_1.tex:208: Undefined control sequence.
l.208 \lignerep\lignerep
                        \lignerep\lignerep
The control sequence at the end of the top line
of your error message was never \def'ed. If you have
misspelled it (e.g., `\hobx'), type `I' and the correct
spelling (e.g., `I\hbox'). Otherwise just continue,
and I'll forget about whatever was undefined.

c:/Users/sousou/Desktop/Book_Maths_Bac_Eco/examens/examen_blanc_1.tex:208: Undefined control sequence.
l.208 \lignerep\lignerep\lignerep
                                 \lignerep
The control sequence at the end of the top line
of your error message was never \def'ed. If you have
misspelled it (e.g., `\hobx'), type `I' and the correct
spelling (e.g., `I\hbox'). Otherwise just continue,
and I'll forget about whatever was undefined.

c:/Users/sousou/Desktop/Book_Maths_Bac_Eco/examens/examen_blanc_1.tex:208: Undefined control sequence.
l.208 \lignerep\lignerep\lignerep\lignerep
                                          
The control sequence at the end of the top line
of your error message was never \def'ed. If you have
misspelled it (e.g., `\hobx'), type `I' and the correct
spelling (e.g., `I\hbox'). Otherwise just continue,
and I'll forget about whatever was undefined.


Overfull \hbox (432.4818pt too wide) in paragraph at lines 204--209
[] 
 []

c:/Users/sousou/Desktop/Book_Maths_Bac_Eco/examens/examen_blanc_1.tex:213: Undefined control sequence.
l.213   \textcolor
                  {burgundy}{\textbf{1}} & \textbf{2.} Calculer $E(X)$ et $V...
The control sequence at the end of the top line
of your error message was never \def'ed. If you have
misspelled it (e.g., `\hobx'), type `I' and the correct
spelling (e.g., `I\hbox'). Otherwise just continue,
and I'll forget about whatever was undefined.

Missing character: There is no b in font nullfont!
Missing character: There is no u in font nullfont!
Missing character: There is no r in font nullfont!
Missing character: There is no g in font nullfont!
Missing character: There is no u in font nullfont!
Missing character: There is no n in font nullfont!
Missing character: There is no d in font nullfont!
Missing character: There is no y in font nullfont!
Missing character: There is no C in font nullfont!
Missing character: There is no a in font nullfont!
Missing character: There is no l in font nullfont!
Missing character: There is no c in font nullfont!
Missing character: There is no u in font nullfont!
Missing character: There is no l in font nullfont!
Missing character: There is no e in font nullfont!
Missing character: There is no r in font nullfont!
Missing character: There is no e in font nullfont!
Missing character: There is no t in font nullfont!
Missing character: There is no . in font nullfont!
c:/Users/sousou/Desktop/Book_Maths_Bac_Eco/examens/examen_blanc_1.tex:215: Undefined control sequence.
l.215 \lignerep
               \lignerep\lignerep\lignerep\lignerep\lignerep\lignerep\lignerep
The control sequence at the end of the top line
of your error message was never \def'ed. If you have
misspelled it (e.g., `\hobx'), type `I' and the correct
spelling (e.g., `I\hbox'). Otherwise just continue,
and I'll forget about whatever was undefined.

c:/Users/sousou/Desktop/Book_Maths_Bac_Eco/examens/examen_blanc_1.tex:215: Undefined control sequence.
l.215 \lignerep\lignerep
                        \lignerep\lignerep\lignerep\lignerep\lignerep\lignerep
The control sequence at the end of the top line
of your error message was never \def'ed. If you have
misspelled it (e.g., `\hobx'), type `I' and the correct
spelling (e.g., `I\hbox'). Otherwise just continue,
and I'll forget about whatever was undefined.

c:/Users/sousou/Desktop/Book_Maths_Bac_Eco/examens/examen_blanc_1.tex:215: Undefined control sequence.
l.215 \lignerep\lignerep\lignerep
                                 \lignerep\lignerep\lignerep\lignerep\lignerep
The control sequence at the end of the top line
of your error message was never \def'ed. If you have
misspelled it (e.g., `\hobx'), type `I' and the correct
spelling (e.g., `I\hbox'). Otherwise just continue,
and I'll forget about whatever was undefined.

c:/Users/sousou/Desktop/Book_Maths_Bac_Eco/examens/examen_blanc_1.tex:215: Undefined control sequence.
l.215 \lignerep\lignerep\lignerep\lignerep
                                          \lignerep\lignerep\lignerep\lignerep
The control sequence at the end of the top line
of your error message was never \def'ed. If you have
misspelled it (e.g., `\hobx'), type `I' and the correct
spelling (e.g., `I\hbox'). Otherwise just continue,
and I'll forget about whatever was undefined.

c:/Users/sousou/Desktop/Book_Maths_Bac_Eco/examens/examen_blanc_1.tex:215: Undefined control sequence.
l.215 ...nerep\lignerep\lignerep\lignerep\lignerep
                                                  \lignerep\lignerep\lignerep
The control sequence at the end of the top line
of your error message was never \def'ed. If you have
misspelled it (e.g., `\hobx'), type `I' and the correct
spelling (e.g., `I\hbox'). Otherwise just continue,
and I'll forget about whatever was undefined.

c:/Users/sousou/Desktop/Book_Maths_Bac_Eco/examens/examen_blanc_1.tex:215: Undefined control sequence.
l.215 ...nerep\lignerep\lignerep\lignerep\lignerep
                                                  \lignerep\lignerep
The control sequence at the end of the top line
of your error message was never \def'ed. If you have
misspelled it (e.g., `\hobx'), type `I' and the correct
spelling (e.g., `I\hbox'). Otherwise just continue,
and I'll forget about whatever was undefined.

c:/Users/sousou/Desktop/Book_Maths_Bac_Eco/examens/examen_blanc_1.tex:215: Undefined control sequence.
l.215 ...nerep\lignerep\lignerep\lignerep\lignerep
                                                  \lignerep
The control sequence at the end of the top line
of your error message was never \def'ed. If you have
misspelled it (e.g., `\hobx'), type `I' and the correct
spelling (e.g., `I\hbox'). Otherwise just continue,
and I'll forget about whatever was undefined.

c:/Users/sousou/Desktop/Book_Maths_Bac_Eco/examens/examen_blanc_1.tex:215: Undefined control sequence.
l.215 ...nerep\lignerep\lignerep\lignerep\lignerep
                                                  
The control sequence at the end of the top line
of your error message was never \def'ed. If you have
misspelled it (e.g., `\hobx'), type `I' and the correct
spelling (e.g., `I\hbox'). Otherwise just continue,
and I'll forget about whatever was undefined.


Overfull \hbox (432.4818pt too wide) in paragraph at lines 211--216
[] 
 []


c:/Users/sousou/Desktop/Book_Maths_Bac_Eco/examens/examen_blanc_1.tex:223: LaTeX Error: Environment exerciceBox undefined.

See the LaTeX manual or LaTeX Companion for explanation.
Type  H <return>  for immediate help.
 ...                                              
                                                  
l.223 \begin{exerciceBox}
                         {3}{2,5}
Your command was ignored.
Type  I <command> <return>  to replace it with another command,
or  <return>  to continue without it.

Missing character: There is no 3 in font nullfont!
Missing character: There is no 2 in font nullfont!
Missing character: There is no , in font nullfont!
Missing character: There is no 5 in font nullfont!
Missing character: There is no U in font nullfont!
Missing character: There is no n in font nullfont!
Missing character: There is no e in font nullfont!
Missing character: There is no u in font nullfont!
Missing character: There is no r in font nullfont!
Missing character: There is no n in font nullfont!
Missing character: There is no e in font nullfont!
Missing character: There is no c in font nullfont!
Missing character: There is no o in font nullfont!
Missing character: There is no n in font nullfont!
Missing character: There is no t in font nullfont!
Missing character: There is no i in font nullfont!
Missing character: There is no e in font nullfont!
Missing character: There is no n in font nullfont!
Missing character: There is no t in font nullfont!
Missing character: There is no 5 in font nullfont!
Missing character: There is no b in font nullfont!
Missing character: There is no o in font nullfont!
Missing character: There is no u in font nullfont!
Missing character: There is no l in font nullfont!
Missing character: There is no e in font nullfont!
Missing character: There is no s in font nullfont!
Missing character: There is no n in font nullfont!
Missing character: There is no o in font nullfont!
Missing character: There is no i in font nullfont!
Missing character: There is no r in font nullfont!
Missing character: There is no e in font nullfont!
Missing character: There is no s in font nullfont!
Missing character: There is no n in font nullfont!
Missing character: There is no u in font nullfont!
Missing character: There is no m in font nullfont!
Missing character: There is no r in font nullfont!
Missing character: There is no o in font nullfont!
Missing character: There is no t in font nullfont!
Missing character: There is no e in font nullfont!
Missing character: There is no s in font nullfont!
Missing character: There is no e in font nullfont!
Missing character: There is no t in font nullfont!
Missing character: There is no 4 in font nullfont!
Missing character: There is no b in font nullfont!
Missing character: There is no o in font nullfont!
Missing character: There is no u in font nullfont!
Missing character: There is no l in font nullfont!
Missing character: There is no e in font nullfont!
Missing character: There is no s in font nullfont!
Missing character: There is no b in font nullfont!
Missing character: There is no l in font nullfont!
Missing character: There is no a in font nullfont!
Missing character: There is no n in font nullfont!
Missing character: There is no c in font nullfont!
Missing character: There is no h in font nullfont!
Missing character: There is no e in font nullfont!
Missing character: There is no s in font nullfont!
Missing character: There is no n in font nullfont!
Missing character: There is no u in font nullfont!
Missing character: There is no m in font nullfont!
Missing character: There is no r in font nullfont!
Missing character: There is no o in font nullfont!
Missing character: There is no t in font nullfont!
Missing character: There is no e in font nullfont!
Missing character: There is no s in font nullfont!
Missing character: There is no . in font nullfont!
Missing character: There is no O in font nullfont!
Missing character: There is no n in font nullfont!
Missing character: There is no t in font nullfont!
Missing character: There is no i in font nullfont!
Missing character: There is no r in font nullfont!
Missing character: There is no e in font nullfont!
Missing character: There is no s in font nullfont!
Missing character: There is no i in font nullfont!
Missing character: There is no m in font nullfont!
Missing character: There is no u in font nullfont!
Missing character: There is no l in font nullfont!
Missing character: There is no t in font nullfont!
Missing character: There is no a in font nullfont!
Missing character: There is no n in font nullfont!
Missing character: There is no m in font nullfont!
Missing character: There is no e in font nullfont!
Missing character: There is no n in font nullfont!
Missing character: There is no t in font nullfont!
Missing character: There is no 3 in font nullfont!
Missing character: There is no b in font nullfont!
Missing character: There is no o in font nullfont!
Missing character: There is no u in font nullfont!
Missing character: There is no l in font nullfont!
Missing character: There is no e in font nullfont!
Missing character: There is no s in font nullfont!
Missing character: There is no . in font nullfont!
Missing character: There is no O in font nullfont!
Missing character: There is no n in font nullfont!
Missing character: There is no p in font nullfont!
Missing character: There is no o in font nullfont!
Missing character: There is no s in font nullfont!
Missing character: There is no e in font nullfont!
Missing character: There is no : in font nullfont!

Overfull \hbox (20.0pt too wide) in paragraph at lines 223--227
[]
 []


Overfull \hbox (8.88889pt too wide) in paragraph at lines 223--227
\/cmr/m/n/10 ^^Se^^Se
 []


Overfull \hbox (42.77773pt too wide) in paragraph at lines 223--227
\/cmr/m/n/10 1; 1; 2; 2; 2$
 []


Overfull \hbox (8.88889pt too wide) in paragraph at lines 223--227
\/cmr/m/n/10 ^^Se^^Se
 []


Overfull \hbox (33.3333pt too wide) in paragraph at lines 223--227
\/cmr/m/n/10 1; 1; 2; 2$
 []


Overfull \hbox (4.44444pt too wide) in paragraph at lines 223--227
\/cmr/m/n/10 ^^Se
 []

Missing character: There is no : in font nullfont!

c:/Users/sousou/Desktop/Book_Maths_Bac_Eco/examens/examen_blanc_1.tex:228: LaTeX Error: Command \guillemotleft unavailable in encoding .

See the LaTeX manual or LaTeX Companion for explanation.
Type  H <return>  for immediate help.
 ...                                              
                                                  
l.228     \item $A$ : \guillemotleft
                                     les 3 boules sont de m\^{e}me couleur \...
Your command was ignored.
Type  I <command> <return>  to replace it with another command,
or  <return>  to continue without it.

Missing character: There is no l in font nullfont!
Missing character: There is no e in font nullfont!
Missing character: There is no s in font nullfont!
Missing character: There is no 3 in font nullfont!
Missing character: There is no b in font nullfont!
Missing character: There is no o in font nullfont!
Missing character: There is no u in font nullfont!
Missing character: There is no l in font nullfont!
Missing character: There is no e in font nullfont!
Missing character: There is no s in font nullfont!
Missing character: There is no s in font nullfont!
Missing character: There is no o in font nullfont!
Missing character: There is no n in font nullfont!
Missing character: There is no t in font nullfont!
Missing character: There is no d in font nullfont!
Missing character: There is no e in font nullfont!
Missing character: There is no m in font nullfont!
Missing character: There is no m in font nullfont!
Missing character: There is no e in font nullfont!
Missing character: There is no c in font nullfont!
Missing character: There is no o in font nullfont!
Missing character: There is no u in font nullfont!
Missing character: There is no l in font nullfont!
Missing character: There is no e in font nullfont!
Missing character: There is no u in font nullfont!
Missing character: There is no r in font nullfont!

c:/Users/sousou/Desktop/Book_Maths_Bac_Eco/examens/examen_blanc_1.tex:228: LaTeX Error: Command \guillemotright unavailable in encoding .

See the LaTeX manual or LaTeX Companion for explanation.
Type  H <return>  for immediate help.
 ...                                              
                                                  
l.228 ... sont de m\^{e}me couleur \guillemotright
                                                  
Your command was ignored.
Type  I <command> <return>  to replace it with another command,
or  <return>  to continue without it.


Overfull \hbox (7.50002pt too wide) in paragraph at lines 228--229
\OML/cmm/m/it/10 A$
 []


Overfull \hbox (4.44444pt too wide) in paragraph at lines 228--229
\/cmr/m/n/10 ^e 
 []

Missing character: There is no : in font nullfont!

c:/Users/sousou/Desktop/Book_Maths_Bac_Eco/examens/examen_blanc_1.tex:229: LaTeX Error: Command \guillemotleft unavailable in encoding .

See the LaTeX manual or LaTeX Companion for explanation.
Type  H <return>  for immediate help.
 ...                                              
                                                  
l.229     \item $B$ : \guillemotleft
                                     les 3 boules portent le m\^{e}me nombre...
Your command was ignored.
Type  I <command> <return>  to replace it with another command,
or  <return>  to continue without it.

Missing character: There is no l in font nullfont!
Missing character: There is no e in font nullfont!
Missing character: There is no s in font nullfont!
Missing character: There is no 3 in font nullfont!
Missing character: There is no b in font nullfont!
Missing character: There is no o in font nullfont!
Missing character: There is no u in font nullfont!
Missing character: There is no l in font nullfont!
Missing character: There is no e in font nullfont!
Missing character: There is no s in font nullfont!
Missing character: There is no p in font nullfont!
Missing character: There is no o in font nullfont!
Missing character: There is no r in font nullfont!
Missing character: There is no t in font nullfont!
Missing character: There is no e in font nullfont!
Missing character: There is no n in font nullfont!
Missing character: There is no t in font nullfont!
Missing character: There is no l in font nullfont!
Missing character: There is no e in font nullfont!
Missing character: There is no m in font nullfont!
Missing character: There is no m in font nullfont!
Missing character: There is no e in font nullfont!
Missing character: There is no n in font nullfont!
Missing character: There is no o in font nullfont!
Missing character: There is no m in font nullfont!
Missing character: There is no b in font nullfont!
Missing character: There is no r in font nullfont!
Missing character: There is no e in font nullfont!

c:/Users/sousou/Desktop/Book_Maths_Bac_Eco/examens/examen_blanc_1.tex:229: LaTeX Error: Command \guillemotright unavailable in encoding .

See the LaTeX manual or LaTeX Companion for explanation.
Type  H <return>  for immediate help.
 ...                                              
                                                  
l.229 ...ortent le m\^{e}me nombre \guillemotright
                                                  
Your command was ignored.
Type  I <command> <return>  to replace it with another command,
or  <return>  to continue without it.


Overfull \hbox (8.0868pt too wide) in paragraph at lines 229--230
\OML/cmm/m/it/10 B$
 []


Overfull \hbox (4.44444pt too wide) in paragraph at lines 229--230
\/cmr/m/n/10 ^e 
 []


c:/Users/sousou/Desktop/Book_Maths_Bac_Eco/examens/examen_blanc_1.tex:231: LaTeX Error: \begin{document} ended by \end{exerciceBox}.

See the LaTeX manual or LaTeX Companion for explanation.
Type  H <return>  for immediate help.
 ...                                              
                                                  
l.231 \end{exerciceBox}
                       
Your command was ignored.
Type  I <command> <return>  to replace it with another command,
or  <return>  to continue without it.

c:/Users/sousou/Desktop/Book_Maths_Bac_Eco/examens/examen_blanc_1.tex:237: Undefined control sequence.
l.237   \textcolor
                  {burgundy}{\textbf{1,5}} &
The control sequence at the end of the top line
of your error message was never \def'ed. If you have
misspelled it (e.g., `\hobx'), type `I' and the correct
spelling (e.g., `I\hbox'). Otherwise just continue,
and I'll forget about whatever was undefined.

Missing character: There is no b in font nullfont!
Missing character: There is no u in font nullfont!
Missing character: There is no r in font nullfont!
Missing character: There is no g in font nullfont!
Missing character: There is no u in font nullfont!
Missing character: There is no n in font nullfont!
Missing character: There is no d in font nullfont!
Missing character: There is no y in font nullfont!
Missing character: There is no C in font nullfont!
Missing character: There is no a in font nullfont!
Missing character: There is no l in font nullfont!
Missing character: There is no c in font nullfont!
Missing character: There is no u in font nullfont!
Missing character: There is no l in font nullfont!
Missing character: There is no e in font nullfont!
Missing character: There is no r in font nullfont!
Missing character: There is no , in font nullfont!
Missing character: There is no e in font nullfont!
Missing character: There is no t in font nullfont!
Missing character: There is no m in font nullfont!
Missing character: There is no o in font nullfont!
Missing character: There is no n in font nullfont!
Missing character: There is no t in font nullfont!
Missing character: There is no r in font nullfont!
Missing character: There is no e in font nullfont!
Missing character: There is no r in font nullfont!
Missing character: There is no q in font nullfont!
Missing character: There is no u in font nullfont!
Missing character: There is no e in font nullfont!
c:/Users/sousou/Desktop/Book_Maths_Bac_Eco/examens/examen_blanc_1.tex:239: Undefined control sequence.
l.239   $p(A \cap B) = \dfrac
                             {1}{84}$.
The control sequence at the end of the top line
of your error message was never \def'ed. If you have
misspelled it (e.g., `\hobx'), type `I' and the correct
spelling (e.g., `I\hbox'). Otherwise just continue,
and I'll forget about whatever was undefined.

Missing character: There is no . in font nullfont!
c:/Users/sousou/Desktop/Book_Maths_Bac_Eco/examens/examen_blanc_1.tex:241: Undefined control sequence.
l.241 \lignerep
               \lignerep\lignerep\lignerep\lignerep\lignerep\lignerep\ligner...
The control sequence at the end of the top line
of your error message was never \def'ed. If you have
misspelled it (e.g., `\hobx'), type `I' and the correct
spelling (e.g., `I\hbox'). Otherwise just continue,
and I'll forget about whatever was undefined.

c:/Users/sousou/Desktop/Book_Maths_Bac_Eco/examens/examen_blanc_1.tex:241: Undefined control sequence.
l.241 \lignerep\lignerep
                        \lignerep\lignerep\lignerep\lignerep\lignerep\ligner...
The control sequence at the end of the top line
of your error message was never \def'ed. If you have
misspelled it (e.g., `\hobx'), type `I' and the correct
spelling (e.g., `I\hbox'). Otherwise just continue,
and I'll forget about whatever was undefined.

c:/Users/sousou/Desktop/Book_Maths_Bac_Eco/examens/examen_blanc_1.tex:241: Undefined control sequence.
l.241 \lignerep\lignerep\lignerep
                                 \lignerep\lignerep\lignerep\lignerep\ligner...
The control sequence at the end of the top line
of your error message was never \def'ed. If you have
misspelled it (e.g., `\hobx'), type `I' and the correct
spelling (e.g., `I\hbox'). Otherwise just continue,
and I'll forget about whatever was undefined.

c:/Users/sousou/Desktop/Book_Maths_Bac_Eco/examens/examen_blanc_1.tex:241: Undefined control sequence.
l.241 \lignerep\lignerep\lignerep\lignerep
                                          \lignerep\lignerep\lignerep\ligner...
The control sequence at the end of the top line
of your error message was never \def'ed. If you have
misspelled it (e.g., `\hobx'), type `I' and the correct
spelling (e.g., `I\hbox'). Otherwise just continue,
and I'll forget about whatever was undefined.

c:/Users/sousou/Desktop/Book_Maths_Bac_Eco/examens/examen_blanc_1.tex:241: Undefined control sequence.
l.241 ...nerep\lignerep\lignerep\lignerep\lignerep
                                                  \lignerep\lignerep\lignere...
The control sequence at the end of the top line
of your error message was never \def'ed. If you have
misspelled it (e.g., `\hobx'), type `I' and the correct
spelling (e.g., `I\hbox'). Otherwise just continue,
and I'll forget about whatever was undefined.

c:/Users/sousou/Desktop/Book_Maths_Bac_Eco/examens/examen_blanc_1.tex:241: Undefined control sequence.
l.241 ...nerep\lignerep\lignerep\lignerep\lignerep
                                                  \lignerep\lignerep\lignere...
The control sequence at the end of the top line
of your error message was never \def'ed. If you have
misspelled it (e.g., `\hobx'), type `I' and the correct
spelling (e.g., `I\hbox'). Otherwise just continue,
and I'll forget about whatever was undefined.

c:/Users/sousou/Desktop/Book_Maths_Bac_Eco/examens/examen_blanc_1.tex:241: Undefined control sequence.
l.241 ...nerep\lignerep\lignerep\lignerep\lignerep
                                                  \lignerep\lignerep\lignere...
The control sequence at the end of the top line
of your error message was never \def'ed. If you have
misspelled it (e.g., `\hobx'), type `I' and the correct
spelling (e.g., `I\hbox'). Otherwise just continue,
and I'll forget about whatever was undefined.

c:/Users/sousou/Desktop/Book_Maths_Bac_Eco/examens/examen_blanc_1.tex:241: Undefined control sequence.
l.241 ...nerep\lignerep\lignerep\lignerep\lignerep
                                                  \lignerep\lignerep\lignere...
The control sequence at the end of the top line
of your error message was never \def'ed. If you have
misspelled it (e.g., `\hobx'), type `I' and the correct
spelling (e.g., `I\hbox'). Otherwise just continue,
and I'll forget about whatever was undefined.

c:/Users/sousou/Desktop/Book_Maths_Bac_Eco/examens/examen_blanc_1.tex:241: Undefined control sequence.
l.241 ...nerep\lignerep\lignerep\lignerep\lignerep
                                                  \lignerep\lignerep\lignere...
The control sequence at the end of the top line
of your error message was never \def'ed. If you have
misspelled it (e.g., `\hobx'), type `I' and the correct
spelling (e.g., `I\hbox'). Otherwise just continue,
and I'll forget about whatever was undefined.

c:/Users/sousou/Desktop/Book_Maths_Bac_Eco/examens/examen_blanc_1.tex:241: Undefined control sequence.
l.241 ...nerep\lignerep\lignerep\lignerep\lignerep
                                                  \lignerep\lignerep\lignerep
The control sequence at the end of the top line
of your error message was never \def'ed. If you have
misspelled it (e.g., `\hobx'), type `I' and the correct
spelling (e.g., `I\hbox'). Otherwise just continue,
and I'll forget about whatever was undefined.

c:/Users/sousou/Desktop/Book_Maths_Bac_Eco/examens/examen_blanc_1.tex:241: Undefined control sequence.
l.241 ...nerep\lignerep\lignerep\lignerep\lignerep
                                                  \lignerep\lignerep
The control sequence at the end of the top line
of your error message was never \def'ed. If you have
misspelled it (e.g., `\hobx'), type `I' and the correct
spelling (e.g., `I\hbox'). Otherwise just continue,
and I'll forget about whatever was undefined.

c:/Users/sousou/Desktop/Book_Maths_Bac_Eco/examens/examen_blanc_1.tex:241: Undefined control sequence.
l.241 ...nerep\lignerep\lignerep\lignerep\lignerep
                                                  \lignerep
The control sequence at the end of the top line
of your error message was never \def'ed. If you have
misspelled it (e.g., `\hobx'), type `I' and the correct
spelling (e.g., `I\hbox'). Otherwise just continue,
and I'll forget about whatever was undefined.

c:/Users/sousou/Desktop/Book_Maths_Bac_Eco/examens/examen_blanc_1.tex:241: Undefined control sequence.
l.241 ...nerep\lignerep\lignerep\lignerep\lignerep
                                                  
The control sequence at the end of the top line
of your error message was never \def'ed. If you have
misspelled it (e.g., `\hobx'), type `I' and the correct
spelling (e.g., `I\hbox'). Otherwise just continue,
and I'll forget about whatever was undefined.


Overfull \hbox (432.4818pt too wide) in paragraph at lines 235--242
[] 
 []

c:/Users/sousou/Desktop/Book_Maths_Bac_Eco/examens/examen_blanc_1.tex:246: Undefined control sequence.
l.246   \textcolor
                  {burgundy}{\textbf{0,25}} &
The control sequence at the end of the top line
of your error message was never \def'ed. If you have
misspelled it (e.g., `\hobx'), type `I' and the correct
spelling (e.g., `I\hbox'). Otherwise just continue,
and I'll forget about whatever was undefined.

Missing character: There is no b in font nullfont!
Missing character: There is no u in font nullfont!
Missing character: There is no r in font nullfont!
Missing character: There is no g in font nullfont!
Missing character: There is no u in font nullfont!
Missing character: There is no n in font nullfont!
Missing character: There is no d in font nullfont!
Missing character: There is no y in font nullfont!
Missing character: There is no e in font nullfont!
Missing character: There is no t in font nullfont!
Missing character: There is no s in font nullfont!
Missing character: There is no o in font nullfont!
Missing character: There is no n in font nullfont!
Missing character: There is no t in font nullfont!
Missing character: There is no - in font nullfont!
Missing character: There is no i in font nullfont!
Missing character: There is no l in font nullfont!
Missing character: There is no s in font nullfont!
Missing character: There is no i in font nullfont!
Missing character: There is no n in font nullfont!
Missing character: There is no d in font nullfont!
Missing character: There is no p in font nullfont!
Missing character: There is no e in font nullfont!
Missing character: There is no n in font nullfont!
Missing character: There is no d in font nullfont!
Missing character: There is no a in font nullfont!
Missing character: There is no n in font nullfont!
Missing character: There is no t in font nullfont!
Missing character: There is no s in font nullfont!
Missing character: There is no ? in font nullfont!
c:/Users/sousou/Desktop/Book_Maths_Bac_Eco/examens/examen_blanc_1.tex:249: Undefined control sequence.
l.249 \lignerep
               \lignerep\lignerep\lignerep\lignerep\lignerep
The control sequence at the end of the top line
of your error message was never \def'ed. If you have
misspelled it (e.g., `\hobx'), type `I' and the correct
spelling (e.g., `I\hbox'). Otherwise just continue,
and I'll forget about whatever was undefined.

c:/Users/sousou/Desktop/Book_Maths_Bac_Eco/examens/examen_blanc_1.tex:249: Undefined control sequence.
l.249 \lignerep\lignerep
                        \lignerep\lignerep\lignerep\lignerep
The control sequence at the end of the top line
of your error message was never \def'ed. If you have
misspelled it (e.g., `\hobx'), type `I' and the correct
spelling (e.g., `I\hbox'). Otherwise just continue,
and I'll forget about whatever was undefined.

c:/Users/sousou/Desktop/Book_Maths_Bac_Eco/examens/examen_blanc_1.tex:249: Undefined control sequence.
l.249 \lignerep\lignerep\lignerep
                                 \lignerep\lignerep\lignerep
The control sequence at the end of the top line
of your error message was never \def'ed. If you have
misspelled it (e.g., `\hobx'), type `I' and the correct
spelling (e.g., `I\hbox'). Otherwise just continue,
and I'll forget about whatever was undefined.

c:/Users/sousou/Desktop/Book_Maths_Bac_Eco/examens/examen_blanc_1.tex:249: Undefined control sequence.
l.249 \lignerep\lignerep\lignerep\lignerep
                                          \lignerep\lignerep
The control sequence at the end of the top line
of your error message was never \def'ed. If you have
misspelled it (e.g., `\hobx'), type `I' and the correct
spelling (e.g., `I\hbox'). Otherwise just continue,
and I'll forget about whatever was undefined.

c:/Users/sousou/Desktop/Book_Maths_Bac_Eco/examens/examen_blanc_1.tex:249: Undefined control sequence.
l.249 ...nerep\lignerep\lignerep\lignerep\lignerep
                                                  \lignerep
The control sequence at the end of the top line
of your error message was never \def'ed. If you have
misspelled it (e.g., `\hobx'), type `I' and the correct
spelling (e.g., `I\hbox'). Otherwise just continue,
and I'll forget about whatever was undefined.

c:/Users/sousou/Desktop/Book_Maths_Bac_Eco/examens/examen_blanc_1.tex:249: Undefined control sequence.
l.249 ...nerep\lignerep\lignerep\lignerep\lignerep
                                                  
The control sequence at the end of the top line
of your error message was never \def'ed. If you have
misspelled it (e.g., `\hobx'), type `I' and the correct
spelling (e.g., `I\hbox'). Otherwise just continue,
and I'll forget about whatever was undefined.


Overfull \hbox (432.4818pt too wide) in paragraph at lines 244--250
[] 
 []

c:/Users/sousou/Desktop/Book_Maths_Bac_Eco/examens/examen_blanc_1.tex:254: Undefined control sequence.
l.254   \textcolor
                  {burgundy}{\textbf{0,75}} &
The control sequence at the end of the top line
of your error message was never \def'ed. If you have
misspelled it (e.g., `\hobx'), type `I' and the correct
spelling (e.g., `I\hbox'). Otherwise just continue,
and I'll forget about whatever was undefined.

Missing character: There is no b in font nullfont!
Missing character: There is no u in font nullfont!
Missing character: There is no r in font nullfont!
Missing character: There is no g in font nullfont!
Missing character: There is no u in font nullfont!
Missing character: There is no n in font nullfont!
Missing character: There is no d in font nullfont!
Missing character: There is no y in font nullfont!
Missing character: There is no S in font nullfont!
Missing character: There is no a in font nullfont!
Missing character: There is no c in font nullfont!
Missing character: There is no h in font nullfont!
Missing character: There is no a in font nullfont!
Missing character: There is no n in font nullfont!
Missing character: There is no t in font nullfont!
Missing character: There is no q in font nullfont!
Missing character: There is no u in font nullfont!
Missing character: There is no e in font nullfont!
Missing character: There is no l in font nullfont!
Missing character: There is no e in font nullfont!
Missing character: There is no s in font nullfont!
Missing character: There is no b in font nullfont!
Missing character: There is no o in font nullfont!
Missing character: There is no u in font nullfont!
Missing character: There is no l in font nullfont!
Missing character: There is no e in font nullfont!
Missing character: There is no s in font nullfont!
Missing character: There is no s in font nullfont!
Missing character: There is no o in font nullfont!
Missing character: There is no n in font nullfont!
Missing character: There is no t in font nullfont!
Missing character: There is no d in font nullfont!
Missing character: There is no e in font nullfont!
Missing character: There is no m in font nullfont!
Missing character: There is no m in font nullfont!
Missing character: There is no e in font nullfont!
Missing character: There is no c in font nullfont!
Missing character: There is no o in font nullfont!
Missing character: There is no u in font nullfont!
Missing character: There is no l in font nullfont!
Missing character: There is no e in font nullfont!
Missing character: There is no u in font nullfont!
Missing character: There is no r in font nullfont!
Missing character: There is no , in font nullfont!
Missing character: There is no c in font nullfont!
Missing character: There is no a in font nullfont!
Missing character: There is no l in font nullfont!
Missing character: There is no c in font nullfont!
Missing character: There is no u in font nullfont!
Missing character: There is no l in font nullfont!
Missing character: There is no e in font nullfont!
Missing character: There is no r in font nullfont!
Missing character: There is no l in font nullfont!
Missing character: There is no a in font nullfont!
Missing character: There is no p in font nullfont!
Missing character: There is no r in font nullfont!
Missing character: There is no o in font nullfont!
Missing character: There is no b in font nullfont!
Missing character: There is no a in font nullfont!
Missing character: There is no b in font nullfont!
Missing character: There is no i in font nullfont!
Missing character: There is no l in font nullfont!
Missing character: There is no i in font nullfont!
Missing character: There is no t in font nullfont!
Missing character: There is no q in font nullfont!
Missing character: There is no u in font nullfont!
Missing character: There is no ' in font nullfont!
Missing character: There is no e in font nullfont!
Missing character: There is no l in font nullfont!
Missing character: There is no l in font nullfont!
Missing character: There is no e in font nullfont!
Missing character: There is no s in font nullfont!
Missing character: There is no p in font nullfont!
Missing character: There is no o in font nullfont!
Missing character: There is no r in font nullfont!
Missing character: There is no t in font nullfont!
Missing character: There is no e in font nullfont!
Missing character: There is no n in font nullfont!
Missing character: There is no t in font nullfont!
Missing character: There is no l in font nullfont!
Missing character: There is no e in font nullfont!
Missing character: There is no m in font nullfont!
Missing character: There is no m in font nullfont!
Missing character: There is no e in font nullfont!
Missing character: There is no n in font nullfont!
Missing character: There is no o in font nullfont!
Missing character: There is no m in font nullfont!
Missing character: There is no b in font nullfont!
Missing character: There is no r in font nullfont!
Missing character: There is no e in font nullfont!
Missing character: There is no . in font nullfont!
c:/Users/sousou/Desktop/Book_Maths_Bac_Eco/examens/examen_blanc_1.tex:258: Undefined control sequence.
l.258 \lignerep
               \lignerep\lignerep\lignerep\lignerep\lignerep
The control sequence at the end of the top line
of your error message was never \def'ed. If you have
misspelled it (e.g., `\hobx'), type `I' and the correct
spelling (e.g., `I\hbox'). Otherwise just continue,
and I'll forget about whatever was undefined.

c:/Users/sousou/Desktop/Book_Maths_Bac_Eco/examens/examen_blanc_1.tex:258: Undefined control sequence.
l.258 \lignerep\lignerep
                        \lignerep\lignerep\lignerep\lignerep
The control sequence at the end of the top line
of your error message was never \def'ed. If you have
misspelled it (e.g., `\hobx'), type `I' and the correct
spelling (e.g., `I\hbox'). Otherwise just continue,
and I'll forget about whatever was undefined.

c:/Users/sousou/Desktop/Book_Maths_Bac_Eco/examens/examen_blanc_1.tex:258: Undefined control sequence.
l.258 \lignerep\lignerep\lignerep
                                 \lignerep\lignerep\lignerep
The control sequence at the end of the top line
of your error message was never \def'ed. If you have
misspelled it (e.g., `\hobx'), type `I' and the correct
spelling (e.g., `I\hbox'). Otherwise just continue,
and I'll forget about whatever was undefined.

c:/Users/sousou/Desktop/Book_Maths_Bac_Eco/examens/examen_blanc_1.tex:258: Undefined control sequence.
l.258 \lignerep\lignerep\lignerep\lignerep
                                          \lignerep\lignerep
The control sequence at the end of the top line
of your error message was never \def'ed. If you have
misspelled it (e.g., `\hobx'), type `I' and the correct
spelling (e.g., `I\hbox'). Otherwise just continue,
and I'll forget about whatever was undefined.

c:/Users/sousou/Desktop/Book_Maths_Bac_Eco/examens/examen_blanc_1.tex:258: Undefined control sequence.
l.258 ...nerep\lignerep\lignerep\lignerep\lignerep
                                                  \lignerep
The control sequence at the end of the top line
of your error message was never \def'ed. If you have
misspelled it (e.g., `\hobx'), type `I' and the correct
spelling (e.g., `I\hbox'). Otherwise just continue,
and I'll forget about whatever was undefined.

c:/Users/sousou/Desktop/Book_Maths_Bac_Eco/examens/examen_blanc_1.tex:258: Undefined control sequence.
l.258 ...nerep\lignerep\lignerep\lignerep\lignerep
                                                  
The control sequence at the end of the top line
of your error message was never \def'ed. If you have
misspelled it (e.g., `\hobx'), type `I' and the correct
spelling (e.g., `I\hbox'). Otherwise just continue,
and I'll forget about whatever was undefined.


Overfull \hbox (432.4818pt too wide) in paragraph at lines 252--259
[] 
 []


c:/Users/sousou/Desktop/Book_Maths_Bac_Eco/examens/examen_blanc_1.tex:260: LaTeX Error: The font size command \normalsize is not defined:
               there is probably something wrong with the class file.

See the LaTeX manual or LaTeX Companion for explanation.
Type  H <return>  for immediate help.
 ...                                              
                                                  
l.260 \newpage
              
Your command was ignored.
Type  I <command> <return>  to replace it with another command,
or  <return>  to continue without it.

[3]

c:/Users/sousou/Desktop/Book_Maths_Bac_Eco/examens/examen_blanc_1.tex:266: LaTeX Error: Environment exerciceBox undefined.

See the LaTeX manual or LaTeX Companion for explanation.
Type  H <return>  for immediate help.
 ...                                              
                                                  
l.266 \begin{exerciceBox}
                         {4}{4,75}
Your command was ignored.
Type  I <command> <return>  to replace it with another command,
or  <return>  to continue without it.

Missing character: There is no 4 in font nullfont!
Missing character: There is no 4 in font nullfont!
Missing character: There is no , in font nullfont!
Missing character: There is no 7 in font nullfont!
Missing character: There is no 5 in font nullfont!
Missing character: There is no O in font nullfont!
Missing character: There is no n in font nullfont!
Missing character: There is no c in font nullfont!
Missing character: There is no o in font nullfont!
Missing character: There is no n in font nullfont!
Missing character: There is no s in font nullfont!
Missing character: There is no i in font nullfont!
Missing character: There is no d in font nullfont!
Missing character: There is no r in font nullfont!
Missing character: There is no e in font nullfont!
Missing character: There is no l in font nullfont!
Missing character: There is no a in font nullfont!
Missing character: There is no f in font nullfont!
Missing character: There is no o in font nullfont!
Missing character: There is no n in font nullfont!
Missing character: There is no c in font nullfont!
Missing character: There is no t in font nullfont!
Missing character: There is no i in font nullfont!
Missing character: There is no o in font nullfont!
Missing character: There is no n in font nullfont!
Missing character: There is no d in font nullfont!
Missing character: There is no f in font nullfont!
Missing character: There is no i in font nullfont!
Missing character: There is no n in font nullfont!
Missing character: There is no i in font nullfont!
Missing character: There is no e in font nullfont!
Missing character: There is no p in font nullfont!
Missing character: There is no a in font nullfont!
Missing character: There is no r in font nullfont!
Missing character: There is no s in font nullfont!
Missing character: There is no a in font nullfont!
Missing character: There is no c in font nullfont!
Missing character: There is no o in font nullfont!
Missing character: There is no u in font nullfont!
Missing character: There is no r in font nullfont!
Missing character: There is no b in font nullfont!
Missing character: There is no e in font nullfont!
Missing character: There is no d in font nullfont!
Missing character: There is no a in font nullfont!
Missing character: There is no n in font nullfont!
Missing character: There is no s in font nullfont!
Missing character: There is no u in font nullfont!
Missing character: There is no n in font nullfont!
Missing character: There is no r in font nullfont!
Missing character: There is no e in font nullfont!
Missing character: There is no p in font nullfont!
Missing character: There is no r in font nullfont!
Missing character: There is no e in font nullfont!
Missing character: There is no o in font nullfont!
Missing character: There is no r in font nullfont!
Missing character: There is no t in font nullfont!
Missing character: There is no h in font nullfont!
Missing character: There is no o in font nullfont!
Missing character: There is no n in font nullfont!
Missing character: There is no o in font nullfont!
Missing character: There is no r in font nullfont!
Missing character: There is no m in font nullfont!
Missing character: There is no . in font nullfont!

c:/Users/sousou/Desktop/Book_Maths_Bac_Eco/examens/examen_blanc_1.tex:269: LaTeX Error: \begin{document} ended by \end{exerciceBox}.

See the LaTeX manual or LaTeX Companion for explanation.
Type  H <return>  for immediate help.
 ...                                              
                                                  
l.269 \end{exerciceBox}
                       
Your command was ignored.
Type  I <command> <return>  to replace it with another command,
or  <return>  to continue without it.


Overfull \hbox (20.0pt too wide) in paragraph at lines 266--270
[]
 []


Overfull \hbox (4.44444pt too wide) in paragraph at lines 266--270
\/cmr/m/n/10 ^^Re
 []


Overfull \hbox (5.97226pt too wide) in paragraph at lines 266--270
\OML/cmm/m/it/10 f$
 []


Overfull \hbox (4.44444pt too wide) in paragraph at lines 266--270
\/cmr/m/n/10 ^^Se
 []


Overfull \hbox (13.62645pt too wide) in paragraph at lines 266--270
\/cmr/m/n/10 (\OMS/cmsy/m/n/10 C\/cmr/m/n/10 )$
 []


Overfull \hbox (4.44444pt too wide) in paragraph at lines 266--270
\/cmr/m/n/10 ^^Re
 []


Overfull \hbox (4.44444pt too wide) in paragraph at lines 266--270
\/cmr/m/n/10 ^^Se
 []


Overfull \hbox (36.04105pt too wide) in paragraph at lines 266--270
\/cmr/m/n/10 (\OML/cmm/m/it/10 O\/cmr/m/n/10 ;  [];  [])$
 []


Overfull \hbox (20.0pt too wide) in paragraph at lines 273--273
[] 
 []


c:/Users/sousou/Desktop/Book_Maths_Bac_Eco/examens/examen_blanc_1.tex:274: LaTeX Error: Environment tikzpicture undefined.

See the LaTeX manual or LaTeX Companion for explanation.
Type  H <return>  for immediate help.
 ...                                              
                                                  
l.274 \begin{tikzpicture}
                         
Your command was ignored.
Type  I <command> <return>  to replace it with another command,
or  <return>  to continue without it.


c:/Users/sousou/Desktop/Book_Maths_Bac_Eco/examens/examen_blanc_1.tex:275: LaTeX Error: Environment axis undefined.

See the LaTeX manual or LaTeX Companion for explanation.
Type  H <return>  for immediate help.
 ...                                              
                                                  
l.275   \begin{axis}
                    [
Your command was ignored.
Type  I <command> <return>  to replace it with another command,
or  <return>  to continue without it.

Missing character: There is no [ in font nullfont!
Missing character: There is no a in font nullfont!
Missing character: There is no x in font nullfont!
Missing character: There is no i in font nullfont!
Missing character: There is no s in font nullfont!
Missing character: There is no l in font nullfont!
Missing character: There is no i in font nullfont!
Missing character: There is no n in font nullfont!
Missing character: There is no e in font nullfont!
Missing character: There is no s in font nullfont!
Missing character: There is no = in font nullfont!
Missing character: There is no c in font nullfont!
Missing character: There is no e in font nullfont!
Missing character: There is no n in font nullfont!
Missing character: There is no t in font nullfont!
Missing character: There is no e in font nullfont!
Missing character: There is no r in font nullfont!
Missing character: There is no , in font nullfont!
Missing character: There is no x in font nullfont!
Missing character: There is no l in font nullfont!
Missing character: There is no a in font nullfont!
Missing character: There is no b in font nullfont!
Missing character: There is no e in font nullfont!
Missing character: There is no l in font nullfont!
Missing character: There is no = in font nullfont!
Missing character: There is no , in font nullfont!
Missing character: There is no y in font nullfont!
Missing character: There is no l in font nullfont!
Missing character: There is no a in font nullfont!
Missing character: There is no b in font nullfont!
Missing character: There is no e in font nullfont!
Missing character: There is no l in font nullfont!
Missing character: There is no = in font nullfont!
Missing character: There is no , in font nullfont!
Missing character: There is no x in font nullfont!
Missing character: There is no m in font nullfont!
Missing character: There is no i in font nullfont!
Missing character: There is no n in font nullfont!
Missing character: There is no = in font nullfont!
Missing character: There is no - in font nullfont!
Missing character: There is no 6 in font nullfont!
Missing character: There is no . in font nullfont!
Missing character: There is no 5 in font nullfont!
Missing character: There is no , in font nullfont!
Missing character: There is no x in font nullfont!
Missing character: There is no m in font nullfont!
Missing character: There is no a in font nullfont!
Missing character: There is no x in font nullfont!
Missing character: There is no = in font nullfont!
Missing character: There is no 4 in font nullfont!
Missing character: There is no . in font nullfont!
Missing character: There is no 5 in font nullfont!
Missing character: There is no , in font nullfont!
Missing character: There is no y in font nullfont!
Missing character: There is no m in font nullfont!
Missing character: There is no i in font nullfont!
Missing character: There is no n in font nullfont!
Missing character: There is no = in font nullfont!
Missing character: There is no - in font nullfont!
Missing character: There is no 3 in font nullfont!
Missing character: There is no . in font nullfont!
Missing character: There is no 5 in font nullfont!
Missing character: There is no , in font nullfont!
Missing character: There is no y in font nullfont!
Missing character: There is no m in font nullfont!
Missing character: There is no a in font nullfont!
Missing character: There is no x in font nullfont!
Missing character: There is no = in font nullfont!
Missing character: There is no 4 in font nullfont!
Missing character: There is no . in font nullfont!
Missing character: There is no 5 in font nullfont!
Missing character: There is no , in font nullfont!
Missing character: There is no x in font nullfont!
Missing character: There is no t in font nullfont!
Missing character: There is no i in font nullfont!
Missing character: There is no c in font nullfont!
Missing character: There is no k in font nullfont!
Missing character: There is no = in font nullfont!
Missing character: There is no - in font nullfont!
Missing character: There is no 6 in font nullfont!
Missing character: There is no , in font nullfont!
Missing character: There is no - in font nullfont!
Missing character: There is no 5 in font nullfont!
Missing character: There is no , in font nullfont!
Missing character: There is no - in font nullfont!
Missing character: There is no 4 in font nullfont!
Missing character: There is no , in font nullfont!
Missing character: There is no - in font nullfont!
Missing character: There is no 3 in font nullfont!
Missing character: There is no , in font nullfont!
Missing character: There is no - in font nullfont!
Missing character: There is no 2 in font nullfont!
Missing character: There is no , in font nullfont!
Missing character: There is no - in font nullfont!
Missing character: There is no 1 in font nullfont!
Missing character: There is no , in font nullfont!
Missing character: There is no 0 in font nullfont!
Missing character: There is no , in font nullfont!
Missing character: There is no 1 in font nullfont!
Missing character: There is no , in font nullfont!
Missing character: There is no 2 in font nullfont!
Missing character: There is no , in font nullfont!
Missing character: There is no 3 in font nullfont!
Missing character: There is no , in font nullfont!
Missing character: There is no 4 in font nullfont!
Missing character: There is no , in font nullfont!
Missing character: There is no y in font nullfont!
Missing character: There is no t in font nullfont!
Missing character: There is no i in font nullfont!
Missing character: There is no c in font nullfont!
Missing character: There is no k in font nullfont!
Missing character: There is no = in font nullfont!
Missing character: There is no - in font nullfont!
Missing character: There is no 3 in font nullfont!
Missing character: There is no , in font nullfont!
Missing character: There is no - in font nullfont!
Missing character: There is no 2 in font nullfont!
Missing character: There is no , in font nullfont!
Missing character: There is no - in font nullfont!
Missing character: There is no 1 in font nullfont!
Missing character: There is no , in font nullfont!
Missing character: There is no 0 in font nullfont!
Missing character: There is no , in font nullfont!
Missing character: There is no 1 in font nullfont!
Missing character: There is no , in font nullfont!
Missing character: There is no 2 in font nullfont!
Missing character: There is no , in font nullfont!
Missing character: There is no 3 in font nullfont!
Missing character: There is no , in font nullfont!
Missing character: There is no 4 in font nullfont!
Missing character: There is no , in font nullfont!
Missing character: There is no g in font nullfont!
Missing character: There is no r in font nullfont!
Missing character: There is no i in font nullfont!
Missing character: There is no d in font nullfont!
Missing character: There is no = in font nullfont!
Missing character: There is no b in font nullfont!
Missing character: There is no o in font nullfont!
Missing character: There is no t in font nullfont!
Missing character: There is no h in font nullfont!
Missing character: There is no , in font nullfont!
Missing character: There is no g in font nullfont!
Missing character: There is no r in font nullfont!
Missing character: There is no i in font nullfont!
Missing character: There is no d in font nullfont!
Missing character: There is no s in font nullfont!
Missing character: There is no t in font nullfont!
Missing character: There is no y in font nullfont!
Missing character: There is no l in font nullfont!
Missing character: There is no e in font nullfont!
Missing character: There is no = in font nullfont!
Missing character: There is no g in font nullfont!
Missing character: There is no r in font nullfont!
Missing character: There is no a in font nullfont!
Missing character: There is no y in font nullfont!
Missing character: There is no ! in font nullfont!
Missing character: There is no 2 in font nullfont!
Missing character: There is no 5 in font nullfont!
Missing character: There is no , in font nullfont!
Missing character: There is no w in font nullfont!
Missing character: There is no i in font nullfont!
Missing character: There is no d in font nullfont!
Missing character: There is no t in font nullfont!
Missing character: There is no h in font nullfont!
Missing character: There is no = in font nullfont!
Missing character: There is no 1 in font nullfont!
Missing character: There is no 3 in font nullfont!
Missing character: There is no c in font nullfont!
Missing character: There is no m in font nullfont!
Missing character: There is no , in font nullfont!
Missing character: There is no h in font nullfont!
Missing character: There is no e in font nullfont!
Missing character: There is no i in font nullfont!
Missing character: There is no g in font nullfont!
Missing character: There is no h in font nullfont!
Missing character: There is no t in font nullfont!
Missing character: There is no = in font nullfont!
Missing character: There is no 7 in font nullfont!
Missing character: There is no c in font nullfont!
Missing character: There is no m in font nullfont!
Missing character: There is no , in font nullfont!
Missing character: There is no t in font nullfont!
Missing character: There is no i in font nullfont!
Missing character: There is no c in font nullfont!
Missing character: There is no k in font nullfont!
Missing character: There is no l in font nullfont!
Missing character: There is no a in font nullfont!
Missing character: There is no b in font nullfont!
Missing character: There is no e in font nullfont!
Missing character: There is no l in font nullfont!
Missing character: There is no s in font nullfont!
Missing character: There is no t in font nullfont!
Missing character: There is no y in font nullfont!
Missing character: There is no l in font nullfont!
Missing character: There is no e in font nullfont!
Missing character: There is no = in font nullfont!
Missing character: There is no f in font nullfont!
Missing character: There is no o in font nullfont!
Missing character: There is no n in font nullfont!
Missing character: There is no t in font nullfont!
Missing character: There is no = in font nullfont!
c:/Users/sousou/Desktop/Book_Maths_Bac_Eco/examens/examen_blanc_1.tex:282: Undefined control sequence.
l.282     tick label style={font=\small
                                       },
The control sequence at the end of the top line
of your error message was never \def'ed. If you have
misspelled it (e.g., `\hobx'), type `I' and the correct
spelling (e.g., `I\hbox'). Otherwise just continue,
and I'll forget about whatever was undefined.

Missing character: There is no , in font nullfont!
Missing character: There is no r in font nullfont!
Missing character: There is no e in font nullfont!
Missing character: There is no s in font nullfont!
Missing character: There is no t in font nullfont!
Missing character: There is no r in font nullfont!
Missing character: There is no i in font nullfont!
Missing character: There is no c in font nullfont!
Missing character: There is no t in font nullfont!
Missing character: There is no y in font nullfont!
Missing character: There is no t in font nullfont!
Missing character: There is no o in font nullfont!
Missing character: There is no d in font nullfont!
Missing character: There is no o in font nullfont!
Missing character: There is no m in font nullfont!
Missing character: There is no a in font nullfont!
Missing character: There is no i in font nullfont!
Missing character: There is no n in font nullfont!
Missing character: There is no = in font nullfont!
Missing character: There is no - in font nullfont!
Missing character: There is no 4 in font nullfont!
Missing character: There is no : in font nullfont!
Missing character: There is no 5 in font nullfont!
Missing character: There is no , in font nullfont!
Missing character: There is no ] in font nullfont!
c:/Users/sousou/Desktop/Book_Maths_Bac_Eco/examens/examen_blanc_1.tex:285: Undefined control sequence.
l.285     \addplot
                  [forest, very thick, domain=-6.3:-1.15, samples=300]
The control sequence at the end of the top line
of your error message was never \def'ed. If you have
misspelled it (e.g., `\hobx'), type `I' and the correct
spelling (e.g., `I\hbox'). Otherwise just continue,
and I'll forget about whatever was undefined.

Missing character: There is no [ in font nullfont!
Missing character: There is no f in font nullfont!
Missing character: There is no o in font nullfont!
Missing character: There is no r in font nullfont!
Missing character: There is no e in font nullfont!
Missing character: There is no s in font nullfont!
Missing character: There is no t in font nullfont!
Missing character: There is no , in font nullfont!
Missing character: There is no v in font nullfont!
Missing character: There is no e in font nullfont!
Missing character: There is no r in font nullfont!
Missing character: There is no y in font nullfont!
Missing character: There is no t in font nullfont!
Missing character: There is no h in font nullfont!
Missing character: There is no i in font nullfont!
Missing character: There is no c in font nullfont!
Missing character: There is no k in font nullfont!
Missing character: There is no , in font nullfont!
Missing character: There is no d in font nullfont!
Missing character: There is no o in font nullfont!
Missing character: There is no m in font nullfont!
Missing character: There is no a in font nullfont!
Missing character: There is no i in font nullfont!
Missing character: There is no n in font nullfont!
Missing character: There is no = in font nullfont!
Missing character: There is no - in font nullfont!
Missing character: There is no 6 in font nullfont!
Missing character: There is no . in font nullfont!
Missing character: There is no 3 in font nullfont!
Missing character: There is no : in font nullfont!
Missing character: There is no - in font nullfont!
Missing character: There is no 1 in font nullfont!
Missing character: There is no . in font nullfont!
Missing character: There is no 1 in font nullfont!
Missing character: There is no 5 in font nullfont!
Missing character: There is no , in font nullfont!
Missing character: There is no s in font nullfont!
Missing character: There is no a in font nullfont!
Missing character: There is no m in font nullfont!
Missing character: There is no p in font nullfont!
Missing character: There is no l in font nullfont!
Missing character: There is no e in font nullfont!
Missing character: There is no s in font nullfont!
Missing character: There is no = in font nullfont!
Missing character: There is no 3 in font nullfont!
Missing character: There is no 0 in font nullfont!
Missing character: There is no 0 in font nullfont!
Missing character: There is no ] in font nullfont!
Missing character: There is no ( in font nullfont!
Missing character: There is no 3 in font nullfont!
Missing character: There is no * in font nullfont!
Missing character: There is no x in font nullfont!
c:/Users/sousou/Desktop/Book_Maths_Bac_Eco/examens/examen_blanc_1.tex:286: Missing $ inserted.
<inserted text> 
                $
l.286       {(3*x^
                  2 + 2*x - 1)/(5*(x+1))};
I've inserted a begin-math/end-math symbol since I think
you left one out. Proceed, with fingers crossed.

c:/Users/sousou/Desktop/Book_Maths_Bac_Eco/examens/examen_blanc_1.tex:286: Extra }, or forgotten $.
l.286       {(3*x^2 + 2*x - 1)/(5*(x+1))}
                                         ;
I've deleted a group-closing symbol because it seems to be
spurious, as in `$x}$'. But perhaps the } is legitimate and
you forgot something else, as in `\hbox{$x}'. In such cases
the way to recover is to insert both the forgotten and the
deleted material, e.g., by typing `I$}'.

c:/Users/sousou/Desktop/Book_Maths_Bac_Eco/examens/examen_blanc_1.tex:287: Undefined control sequence.
l.287     \addplot
                  [forest, very thick, domain=-0.85:4.3, samples=300]
The control sequence at the end of the top line
of your error message was never \def'ed. If you have
misspelled it (e.g., `\hobx'), type `I' and the correct
spelling (e.g., `I\hbox'). Otherwise just continue,
and I'll forget about whatever was undefined.

c:/Users/sousou/Desktop/Book_Maths_Bac_Eco/examens/examen_blanc_1.tex:289: Undefined control sequence.
l.289     \addplot
                  [black, very thick, dashed] coordinates {(-1,-3.5)(-1,4.5)};
The control sequence at the end of the top line
of your error message was never \def'ed. If you have
misspelled it (e.g., `\hobx'), type `I' and the correct
spelling (e.g., `I\hbox'). Otherwise just continue,
and I'll forget about whatever was undefined.

c:/Users/sousou/Desktop/Book_Maths_Bac_Eco/examens/examen_blanc_1.tex:290: Undefined control sequence.
l.290     \node
               [above, font=\small\bfseries] at (axis cs:-1,4.5) {$x=-1$};
The control sequence at the end of the top line
of your error message was never \def'ed. If you have
misspelled it (e.g., `\hobx'), type `I' and the correct
spelling (e.g., `I\hbox'). Otherwise just continue,
and I'll forget about whatever was undefined.

c:/Users/sousou/Desktop/Book_Maths_Bac_Eco/examens/examen_blanc_1.tex:290: Undefined control sequence.
l.290     \node[above, font=\small
                                  \bfseries] at (axis cs:-1,4.5) {$x=-1$};
The control sequence at the end of the top line
of your error message was never \def'ed. If you have
misspelled it (e.g., `\hobx'), type `I' and the correct
spelling (e.g., `I\hbox'). Otherwise just continue,
and I'll forget about whatever was undefined.


c:/Users/sousou/Desktop/Book_Maths_Bac_Eco/examens/examen_blanc_1.tex:290: LaTeX Error: Command \bfseries invalid in math mode.

See the LaTeX manual or LaTeX Companion for explanation.
Type  H <return>  for immediate help.
 ...                                              
                                                  
l.290     \node[above, font=\small\bfseries
                                           ] at (axis cs:-1,4.5) {$x=-1$};
Please use the math alphabet \mathbf instead of the \bfseries command. 

c:/Users/sousou/Desktop/Book_Maths_Bac_Eco/examens/examen_blanc_1.tex:290: Missing } inserted.
<inserted text> 
                }
l.290 ...t=\small\bfseries] at (axis cs:-1,4.5) {$
                                                  x=-1$};
I've inserted something that you may have forgotten.
(See the <inserted text> above.)
With luck, this will get me unwedged. But if you
really didn't forget anything, try typing `2' now; then
my insertion and my current dilemma will both disappear.

Missing character: There is no x in font nullfont!
Missing character: There is no = in font nullfont!
Missing character: There is no - in font nullfont!
Missing character: There is no 1 in font nullfont!
c:/Users/sousou/Desktop/Book_Maths_Bac_Eco/examens/examen_blanc_1.tex:290: Extra }, or forgotten $.
<recently read> }
                 
l.290 ...ll\bfseries] at (axis cs:-1,4.5) {$x=-1$}
                                                  ;
I've deleted a group-closing symbol because it seems to be
spurious, as in `$x}$'. But perhaps the } is legitimate and
you forgot something else, as in `\hbox{$x}'. In such cases
the way to recover is to insert both the forgotten and the
deleted material, e.g., by typing `I$}'.

c:/Users/sousou/Desktop/Book_Maths_Bac_Eco/examens/examen_blanc_1.tex:291: Undefined control sequence.
l.291     \addplot
                  [black, thick, domain=-6.5:4.5] {(3/5)*x};
The control sequence at the end of the top line
of your error message was never \def'ed. If you have
misspelled it (e.g., `\hobx'), type `I' and the correct
spelling (e.g., `I\hbox'). Otherwise just continue,
and I'll forget about whatever was undefined.

c:/Users/sousou/Desktop/Book_Maths_Bac_Eco/examens/examen_blanc_1.tex:292: Undefined control sequence.
l.292     \node
               [below left, font=\small\bfseries] at (axis cs:-4,-2.4)
The control sequence at the end of the top line
of your error message was never \def'ed. If you have
misspelled it (e.g., `\hobx'), type `I' and the correct
spelling (e.g., `I\hbox'). Otherwise just continue,
and I'll forget about whatever was undefined.

c:/Users/sousou/Desktop/Book_Maths_Bac_Eco/examens/examen_blanc_1.tex:292: Undefined control sequence.
l.292     \node[below left, font=\small
                                       \bfseries] at (axis cs:-4,-2.4)
The control sequence at the end of the top line
of your error message was never \def'ed. If you have
misspelled it (e.g., `\hobx'), type `I' and the correct
spelling (e.g., `I\hbox'). Otherwise just continue,
and I'll forget about whatever was undefined.


c:/Users/sousou/Desktop/Book_Maths_Bac_Eco/examens/examen_blanc_1.tex:292: LaTeX Error: Command \bfseries invalid in math mode.

See the LaTeX manual or LaTeX Companion for explanation.
Type  H <return>  for immediate help.
 ...                                              
                                                  
l.292     \node[below left, font=\small\bfseries
                                                ] at (axis cs:-4,-2.4)
Please use the math alphabet \mathbf instead of the \bfseries command. 

c:/Users/sousou/Desktop/Book_Maths_Bac_Eco/examens/examen_blanc_1.tex:293: Missing } inserted.
<inserted text> 
                }
l.293       {$
              y=\dfrac{3}{5}x$};
I've inserted something that you may have forgotten.
(See the <inserted text> above.)
With luck, this will get me unwedged. But if you
really didn't forget anything, try typing `2' now; then
my insertion and my current dilemma will both disappear.

Missing character: There is no y in font nullfont!
Missing character: There is no = in font nullfont!
c:/Users/sousou/Desktop/Book_Maths_Bac_Eco/examens/examen_blanc_1.tex:293: Undefined control sequence.
l.293       {$y=\dfrac
                      {3}{5}x$};
The control sequence at the end of the top line
of your error message was never \def'ed. If you have
misspelled it (e.g., `\hobx'), type `I' and the correct
spelling (e.g., `I\hbox'). Otherwise just continue,
and I'll forget about whatever was undefined.

Missing character: There is no 3 in font nullfont!
Missing character: There is no 5 in font nullfont!
Missing character: There is no x in font nullfont!
c:/Users/sousou/Desktop/Book_Maths_Bac_Eco/examens/examen_blanc_1.tex:293: Extra }, or forgotten $.
<recently read> }
                 
l.293       {$y=\dfrac{3}{5}x$}
                               ;
I've deleted a group-closing symbol because it seems to be
spurious, as in `$x}$'. But perhaps the } is legitimate and
you forgot something else, as in `\hbox{$x}'. In such cases
the way to recover is to insert both the forgotten and the
deleted material, e.g., by typing `I$}'.

c:/Users/sousou/Desktop/Book_Maths_Bac_Eco/examens/examen_blanc_1.tex:294: Undefined control sequence.
l.294     \node
               [right, color=forest, font=\small\bfseries] at (axis cs:3,2)
The control sequence at the end of the top line
of your error message was never \def'ed. If you have
misspelled it (e.g., `\hobx'), type `I' and the correct
spelling (e.g., `I\hbox'). Otherwise just continue,
and I'll forget about whatever was undefined.

c:/Users/sousou/Desktop/Book_Maths_Bac_Eco/examens/examen_blanc_1.tex:294: Undefined control sequence.
l.294     \node[right, color=forest, font=\small
                                                \bfseries] at (axis cs:3,2)
The control sequence at the end of the top line
of your error message was never \def'ed. If you have
misspelled it (e.g., `\hobx'), type `I' and the correct
spelling (e.g., `I\hbox'). Otherwise just continue,
and I'll forget about whatever was undefined.


c:/Users/sousou/Desktop/Book_Maths_Bac_Eco/examens/examen_blanc_1.tex:294: LaTeX Error: Command \bfseries invalid in math mode.

See the LaTeX manual or LaTeX Companion for explanation.
Type  H <return>  for immediate help.
 ...                                              
                                                  
l.294 ...right, color=forest, font=\small\bfseries
                                                  ] at (axis cs:3,2)
Please use the math alphabet \mathbf instead of the \bfseries command. 

c:/Users/sousou/Desktop/Book_Maths_Bac_Eco/examens/examen_blanc_1.tex:295: Missing } inserted.
<inserted text> 
                }
l.295       {$
              (\mathcal{C})$};
I've inserted something that you may have forgotten.
(See the <inserted text> above.)
With luck, this will get me unwedged. But if you
really didn't forget anything, try typing `2' now; then
my insertion and my current dilemma will both disappear.

Missing character: There is no ( in font nullfont!

c:/Users/sousou/Desktop/Book_Maths_Bac_Eco/examens/examen_blanc_1.tex:295: LaTeX Error: \mathcal allowed only in math mode.

See the LaTeX manual or LaTeX Companion for explanation.
Type  H <return>  for immediate help.
 ...                                              
                                                  
l.295       {$(\mathcal
                       {C})$};
You're in trouble here.  Try typing  <return>  to proceed.
If that doesn't work, type  X <return>  to quit.

Missing character: There is no C in font nullfont!
Missing character: There is no ) in font nullfont!
c:/Users/sousou/Desktop/Book_Maths_Bac_Eco/examens/examen_blanc_1.tex:295: Extra }, or forgotten $.
<recently read> }
                 
l.295       {$(\mathcal{C})$}
                             ;
I've deleted a group-closing symbol because it seems to be
spurious, as in `$x}$'. But perhaps the } is legitimate and
you forgot something else, as in `\hbox{$x}'. In such cases
the way to recover is to insert both the forgotten and the
deleted material, e.g., by typing `I$}'.


c:/Users/sousou/Desktop/Book_Maths_Bac_Eco/examens/examen_blanc_1.tex:296: LaTeX Error: \begin{center} on input line 273 ended by \end{axis}.

See the LaTeX manual or LaTeX Companion for explanation.
Type  H <return>  for immediate help.
 ...                                              
                                                  
l.296   \end{axis}
                  
Your command was ignored.
Type  I <command> <return>  to replace it with another command,
or  <return>  to continue without it.

c:/Users/sousou/Desktop/Book_Maths_Bac_Eco/examens/examen_blanc_1.tex:296: Missing $ inserted.
<inserted text> 
                $
l.296   \end{axis}
                  
I've inserted something that you may have forgotten.
(See the <inserted text> above.)
With luck, this will get me unwedged. But if you
really didn't forget anything, try typing `2' now; then
my insertion and my current dilemma will both disappear.

c:/Users/sousou/Desktop/Book_Maths_Bac_Eco/examens/examen_blanc_1.tex:296: Missing } inserted.
<inserted text> 
                }
l.296   \end{axis}
                  
I've inserted something that you may have forgotten.
(See the <inserted text> above.)
With luck, this will get me unwedged. But if you
really didn't forget anything, try typing `2' now; then
my insertion and my current dilemma will both disappear.


c:/Users/sousou/Desktop/Book_Maths_Bac_Eco/examens/examen_blanc_1.tex:297: LaTeX Error: \begin{center} on input line 273 ended by \end{tikzpicture}.

See the LaTeX manual or LaTeX Companion for explanation.
Type  H <return>  for immediate help.
 ...                                              
                                                  
l.297 \end{tikzpicture}
                       
Your command was ignored.
Type  I <command> <return>  to replace it with another command,
or  <return>  to continue without it.


Overfull \hbox (12.26393pt too wide) in paragraph at lines 275--298
 [] \/cmr/m/n/10 + 
 []


Overfull \hbox (10.00003pt too wide) in paragraph at lines 275--298
 \/cmr/m/n/10 2 \OMS/cmsy/m/n/10 ^^C 
 []


Overfull \hbox (13.49307pt too wide) in paragraph at lines 275--298
 \OML/cmm/m/it/10 x \OMS/cmsy/m/n/10 ^^@ 
 []


Overfull \hbox (27.77786pt too wide) in paragraph at lines 275--298
 \/cmr/m/n/10 1)\OML/cmm/m/it/10 =\/cmr/m/n/10 (5 \OMS/cmsy/m/n/10 ^^C 
 []


Overfull \hbox (17.38197pt too wide) in paragraph at lines 275--298
 \/cmr/m/n/10 (\OML/cmm/m/it/10 x \/cmr/m/n/10 + 
 []


Overfull \hbox (144.15315pt too wide) in paragraph at lines 275--298
 \/cmr/m/n/10 1)); [\OML/cmm/m/it/10 forest; verythick; domain \/cmr/m/n/10 = 
 []


Overfull \hbox (31.11113pt too wide) in paragraph at lines 275--298
 \OMS/cmsy/m/n/10 ^^@\/cmr/m/n/10 0\OML/cmm/m/it/10 :\/cmr/m/n/10 85 : 
 []


Overfull \hbox (64.08685pt too wide) in paragraph at lines 275--298
 \/cmr/m/n/10 4\OML/cmm/m/it/10 :\/cmr/m/n/10 3\OML/cmm/m/it/10 ; samples \/cmr/m/n/10 = 
 []


Overfull \hbox (474.59862pt too wide) in paragraph at lines 275--298
 \/cmr/m/n/10 300][]; [\OML/cmm/m/it/10 black; verythick; dashed\/cmr/m/n/10 ]\OML/cmm/m/it/10 coordinates[]\/cmr/m/n/10 ; [\OML/cmm/m/it/10 above; font \/cmr/m/n/10 = 
 []


Overfull \hbox (49.26804pt too wide) in paragraph at lines 275--298
 \/cmr/m/n/10 ]\OML/cmm/m/it/10 at\/cmr/m/n/10 (\OML/cmm/m/it/10 axiscs \/cmr/m/n/10 : 
 []


Overfull \hbox (139.39383pt too wide) in paragraph at lines 275--298
 \OMS/cmsy/m/n/10 ^^@\/cmr/m/n/10 1\OML/cmm/m/it/10 ; \/cmr/m/n/10 4\OML/cmm/m/it/10 :\/cmr/m/n/10 5)[]$$; [\OML/cmm/m/it/10 black; thick; domain \/cmr/m/n/10 = 
 []


Overfull \hbox (26.11111pt too wide) in paragraph at lines 275--298
 \OMS/cmsy/m/n/10 ^^@\/cmr/m/n/10 6\OML/cmm/m/it/10 :\/cmr/m/n/10 5 : 
 []


Overfull \hbox (137.97234pt too wide) in paragraph at lines 275--298
 \/cmr/m/n/10 4\OML/cmm/m/it/10 :\/cmr/m/n/10 5][]; [\OML/cmm/m/it/10 belowleft; font \/cmr/m/n/10 = 
 []


Overfull \hbox (49.26804pt too wide) in paragraph at lines 275--298
 \/cmr/m/n/10 ]\OML/cmm/m/it/10 at\/cmr/m/n/10 (\OML/cmm/m/it/10 axiscs \/cmr/m/n/10 : 
 []


Overfull \hbox (108.61649pt too wide) in paragraph at lines 275--298
 \OMS/cmsy/m/n/10 ^^@\/cmr/m/n/10 4\OML/cmm/m/it/10 ; \OMS/cmsy/m/n/10 ^^@\/cmr/m/n/10 2\OML/cmm/m/it/10 :\/cmr/m/n/10 4)[]$$; [\OML/cmm/m/it/10 right; color \/cmr/m/n/10 = 
 []


Overfull \hbox (63.99661pt too wide) in paragraph at lines 275--298
 \OML/cmm/m/it/10 forest; font \/cmr/m/n/10 = 
 []


Overfull \hbox (49.26804pt too wide) in paragraph at lines 275--298
 \/cmr/m/n/10 ]\OML/cmm/m/it/10 at\/cmr/m/n/10 (\OML/cmm/m/it/10 axiscs \/cmr/m/n/10 : 
 []


Overfull \hbox (21.11113pt too wide) in paragraph at lines 275--298
 \/cmr/m/n/10 3\OML/cmm/m/it/10 ; \/cmr/m/n/10 2)[]$$;$ 
 []


Overfull \hbox (49.13866pt too wide) in paragraph at lines 300--301
\OT1/cmr/bx/n/10 R^^Sepondre
 []


Overfull \hbox (53.61082pt too wide) in paragraph at lines 300--301
\OT1/cmr/bx/n/10 graphique-
 []


Overfull \hbox (25.3957pt too wide) in paragraph at lines 300--301
\OT1/cmr/bx/n/10 ment
 []


Overfull \hbox (3.19443pt too wide) in paragraph at lines 300--301
\OT1/cmr/bx/n/10 : 
 []

c:/Users/sousou/Desktop/Book_Maths_Bac_Eco/examens/examen_blanc_1.tex:305: Undefined control sequence.
l.305   \textcolor
                  {burgundy}{\textbf{0,5}} &
The control sequence at the end of the top line
of your error message was never \def'ed. If you have
misspelled it (e.g., `\hobx'), type `I' and the correct
spelling (e.g., `I\hbox'). Otherwise just continue,
and I'll forget about whatever was undefined.

Missing character: There is no b in font nullfont!
Missing character: There is no u in font nullfont!
Missing character: There is no r in font nullfont!
Missing character: There is no g in font nullfont!
Missing character: There is no u in font nullfont!
Missing character: There is no n in font nullfont!
Missing character: There is no d in font nullfont!
Missing character: There is no y in font nullfont!
Missing character: There is no D in font nullfont!
Missing character: There is no t in font nullfont!
Missing character: There is no e in font nullfont!
Missing character: There is no r in font nullfont!
Missing character: There is no m in font nullfont!
Missing character: There is no i in font nullfont!
Missing character: There is no n in font nullfont!
Missing character: There is no e in font nullfont!
Missing character: There is no r in font nullfont!
Missing character: There is no l in font nullfont!
Missing character: There is no e in font nullfont!
Missing character: There is no d in font nullfont!
Missing character: There is no o in font nullfont!
Missing character: There is no m in font nullfont!
Missing character: There is no a in font nullfont!
Missing character: There is no i in font nullfont!
Missing character: There is no n in font nullfont!
Missing character: There is no e in font nullfont!
Missing character: There is no d in font nullfont!
Missing character: There is no e in font nullfont!
Missing character: There is no d in font nullfont!
Missing character: There is no f in font nullfont!
Missing character: There is no i in font nullfont!
Missing character: There is no n in font nullfont!
Missing character: There is no i in font nullfont!
Missing character: There is no t in font nullfont!
Missing character: There is no i in font nullfont!
Missing character: There is no o in font nullfont!
Missing character: There is no n in font nullfont!
Missing character: There is no d in font nullfont!
Missing character: There is no e in font nullfont!
Missing character: There is no . in font nullfont!
c:/Users/sousou/Desktop/Book_Maths_Bac_Eco/examens/examen_blanc_1.tex:308: Undefined control sequence.
l.308 \lignerep
               \lignerep
The control sequence at the end of the top line
of your error message was never \def'ed. If you have
misspelled it (e.g., `\hobx'), type `I' and the correct
spelling (e.g., `I\hbox'). Otherwise just continue,
and I'll forget about whatever was undefined.

c:/Users/sousou/Desktop/Book_Maths_Bac_Eco/examens/examen_blanc_1.tex:308: Undefined control sequence.
l.308 \lignerep\lignerep
                        
The control sequence at the end of the top line
of your error message was never \def'ed. If you have
misspelled it (e.g., `\hobx'), type `I' and the correct
spelling (e.g., `I\hbox'). Otherwise just continue,
and I'll forget about whatever was undefined.


Overfull \hbox (432.4818pt too wide) in paragraph at lines 303--309
[] 
 []

c:/Users/sousou/Desktop/Book_Maths_Bac_Eco/examens/examen_blanc_1.tex:313: Undefined control sequence.
l.313   \textcolor
                  {burgundy}{\textbf{1}} &
The control sequence at the end of the top line
of your error message was never \def'ed. If you have
misspelled it (e.g., `\hobx'), type `I' and the correct
spelling (e.g., `I\hbox'). Otherwise just continue,
and I'll forget about whatever was undefined.

Missing character: There is no b in font nullfont!
Missing character: There is no u in font nullfont!
Missing character: There is no r in font nullfont!
Missing character: There is no g in font nullfont!
Missing character: There is no u in font nullfont!
Missing character: There is no n in font nullfont!
Missing character: There is no d in font nullfont!
Missing character: There is no y in font nullfont!
Missing character: There is no D in font nullfont!
Missing character: There is no t in font nullfont!
Missing character: There is no e in font nullfont!
Missing character: There is no r in font nullfont!
Missing character: There is no m in font nullfont!
Missing character: There is no i in font nullfont!
Missing character: There is no n in font nullfont!
Missing character: There is no e in font nullfont!
Missing character: There is no r in font nullfont!
Missing character: There is no l in font nullfont!
Missing character: There is no e in font nullfont!
Missing character: There is no s in font nullfont!
Missing character: There is no i in font nullfont!
Missing character: There is no g in font nullfont!
Missing character: There is no n in font nullfont!
Missing character: There is no e in font nullfont!
Missing character: There is no d in font nullfont!
Missing character: There is no e in font nullfont!
Missing character: There is no . in font nullfont!
c:/Users/sousou/Desktop/Book_Maths_Bac_Eco/examens/examen_blanc_1.tex:316: Undefined control sequence.
l.316 \lignerep
               \lignerep\lignerep\lignerep\lignerep
The control sequence at the end of the top line
of your error message was never \def'ed. If you have
misspelled it (e.g., `\hobx'), type `I' and the correct
spelling (e.g., `I\hbox'). Otherwise just continue,
and I'll forget about whatever was undefined.

c:/Users/sousou/Desktop/Book_Maths_Bac_Eco/examens/examen_blanc_1.tex:316: Undefined control sequence.
l.316 \lignerep\lignerep
                        \lignerep\lignerep\lignerep
The control sequence at the end of the top line
of your error message was never \def'ed. If you have
misspelled it (e.g., `\hobx'), type `I' and the correct
spelling (e.g., `I\hbox'). Otherwise just continue,
and I'll forget about whatever was undefined.

c:/Users/sousou/Desktop/Book_Maths_Bac_Eco/examens/examen_blanc_1.tex:316: Undefined control sequence.
l.316 \lignerep\lignerep\lignerep
                                 \lignerep\lignerep
The control sequence at the end of the top line
of your error message was never \def'ed. If you have
misspelled it (e.g., `\hobx'), type `I' and the correct
spelling (e.g., `I\hbox'). Otherwise just continue,
and I'll forget about whatever was undefined.

c:/Users/sousou/Desktop/Book_Maths_Bac_Eco/examens/examen_blanc_1.tex:316: Undefined control sequence.
l.316 \lignerep\lignerep\lignerep\lignerep
                                          \lignerep
The control sequence at the end of the top line
of your error message was never \def'ed. If you have
misspelled it (e.g., `\hobx'), type `I' and the correct
spelling (e.g., `I\hbox'). Otherwise just continue,
and I'll forget about whatever was undefined.

c:/Users/sousou/Desktop/Book_Maths_Bac_Eco/examens/examen_blanc_1.tex:316: Undefined control sequence.
l.316 ...nerep\lignerep\lignerep\lignerep\lignerep
                                                  
The control sequence at the end of the top line
of your error message was never \def'ed. If you have
misspelled it (e.g., `\hobx'), type `I' and the correct
spelling (e.g., `I\hbox'). Otherwise just continue,
and I'll forget about whatever was undefined.


Overfull \hbox (432.4818pt too wide) in paragraph at lines 311--317
[] 
 []

c:/Users/sousou/Desktop/Book_Maths_Bac_Eco/examens/examen_blanc_1.tex:321: Undefined control sequence.
l.321   \textcolor
                  {burgundy}{\textbf{1}} &
The control sequence at the end of the top line
of your error message was never \def'ed. If you have
misspelled it (e.g., `\hobx'), type `I' and the correct
spelling (e.g., `I\hbox'). Otherwise just continue,
and I'll forget about whatever was undefined.

Missing character: There is no b in font nullfont!
Missing character: There is no u in font nullfont!
Missing character: There is no r in font nullfont!
Missing character: There is no g in font nullfont!
Missing character: There is no u in font nullfont!
Missing character: There is no n in font nullfont!
Missing character: There is no d in font nullfont!
Missing character: There is no y in font nullfont!
Missing character: There is no D in font nullfont!
Missing character: There is no t in font nullfont!
Missing character: There is no e in font nullfont!
Missing character: There is no r in font nullfont!
Missing character: There is no m in font nullfont!
Missing character: There is no i in font nullfont!
Missing character: There is no n in font nullfont!
Missing character: There is no e in font nullfont!
Missing character: There is no r in font nullfont!
Missing character: There is no e in font nullfont!
Missing character: There is no t in font nullfont!
Missing character: There is no . in font nullfont!
c:/Users/sousou/Desktop/Book_Maths_Bac_Eco/examens/examen_blanc_1.tex:325: Undefined control sequence.
l.325 \lignerep
               \lignerep\lignerep\lignerep\lignerep\lignerep\lignerep\lignerep
The control sequence at the end of the top line
of your error message was never \def'ed. If you have
misspelled it (e.g., `\hobx'), type `I' and the correct
spelling (e.g., `I\hbox'). Otherwise just continue,
and I'll forget about whatever was undefined.

c:/Users/sousou/Desktop/Book_Maths_Bac_Eco/examens/examen_blanc_1.tex:325: Undefined control sequence.
l.325 \lignerep\lignerep
                        \lignerep\lignerep\lignerep\lignerep\lignerep\lignerep
The control sequence at the end of the top line
of your error message was never \def'ed. If you have
misspelled it (e.g., `\hobx'), type `I' and the correct
spelling (e.g., `I\hbox'). Otherwise just continue,
and I'll forget about whatever was undefined.

c:/Users/sousou/Desktop/Book_Maths_Bac_Eco/examens/examen_blanc_1.tex:325: Undefined control sequence.
l.325 \lignerep\lignerep\lignerep
                                 \lignerep\lignerep\lignerep\lignerep\lignerep
The control sequence at the end of the top line
of your error message was never \def'ed. If you have
misspelled it (e.g., `\hobx'), type `I' and the correct
spelling (e.g., `I\hbox'). Otherwise just continue,
and I'll forget about whatever was undefined.

c:/Users/sousou/Desktop/Book_Maths_Bac_Eco/examens/examen_blanc_1.tex:325: Undefined control sequence.
l.325 \lignerep\lignerep\lignerep\lignerep
                                          \lignerep\lignerep\lignerep\lignerep
The control sequence at the end of the top line
of your error message was never \def'ed. If you have
misspelled it (e.g., `\hobx'), type `I' and the correct
spelling (e.g., `I\hbox'). Otherwise just continue,
and I'll forget about whatever was undefined.

c:/Users/sousou/Desktop/Book_Maths_Bac_Eco/examens/examen_blanc_1.tex:325: Undefined control sequence.
l.325 ...nerep\lignerep\lignerep\lignerep\lignerep
                                                  \lignerep\lignerep\lignerep
The control sequence at the end of the top line
of your error message was never \def'ed. If you have
misspelled it (e.g., `\hobx'), type `I' and the correct
spelling (e.g., `I\hbox'). Otherwise just continue,
and I'll forget about whatever was undefined.

c:/Users/sousou/Desktop/Book_Maths_Bac_Eco/examens/examen_blanc_1.tex:325: Undefined control sequence.
l.325 ...nerep\lignerep\lignerep\lignerep\lignerep
                                                  \lignerep\lignerep
The control sequence at the end of the top line
of your error message was never \def'ed. If you have
misspelled it (e.g., `\hobx'), type `I' and the correct
spelling (e.g., `I\hbox'). Otherwise just continue,
and I'll forget about whatever was undefined.

c:/Users/sousou/Desktop/Book_Maths_Bac_Eco/examens/examen_blanc_1.tex:325: Undefined control sequence.
l.325 ...nerep\lignerep\lignerep\lignerep\lignerep
                                                  \lignerep
The control sequence at the end of the top line
of your error message was never \def'ed. If you have
misspelled it (e.g., `\hobx'), type `I' and the correct
spelling (e.g., `I\hbox'). Otherwise just continue,
and I'll forget about whatever was undefined.

c:/Users/sousou/Desktop/Book_Maths_Bac_Eco/examens/examen_blanc_1.tex:325: Undefined control sequence.
l.325 ...nerep\lignerep\lignerep\lignerep\lignerep
                                                  
The control sequence at the end of the top line
of your error message was never \def'ed. If you have
misspelled it (e.g., `\hobx'), type `I' and the correct
spelling (e.g., `I\hbox'). Otherwise just continue,
and I'll forget about whatever was undefined.


Overfull \hbox (432.4818pt too wide) in paragraph at lines 319--326
[] 
 []

c:/Users/sousou/Desktop/Book_Maths_Bac_Eco/examens/examen_blanc_1.tex:330: Undefined control sequence.
l.330   \textcolor
                  {burgundy}{\textbf{$0{,}75{\times}3$}} &
The control sequence at the end of the top line
of your error message was never \def'ed. If you have
misspelled it (e.g., `\hobx'), type `I' and the correct
spelling (e.g., `I\hbox'). Otherwise just continue,
and I'll forget about whatever was undefined.

Missing character: There is no b in font nullfont!
Missing character: There is no u in font nullfont!
Missing character: There is no r in font nullfont!
Missing character: There is no g in font nullfont!
Missing character: There is no u in font nullfont!
Missing character: There is no n in font nullfont!
Missing character: There is no d in font nullfont!
Missing character: There is no y in font nullfont!
Missing character: There is no D in font nullfont!
Missing character: There is no t in font nullfont!
Missing character: There is no e in font nullfont!
Missing character: There is no r in font nullfont!
Missing character: There is no m in font nullfont!
Missing character: There is no i in font nullfont!
Missing character: There is no n in font nullfont!
Missing character: There is no e in font nullfont!
Missing character: There is no r in font nullfont!
Missing character: There is no l in font nullfont!
Missing character: There is no e in font nullfont!
Missing character: There is no s in font nullfont!
Missing character: There is no b in font nullfont!
Missing character: There is no r in font nullfont!
Missing character: There is no a in font nullfont!
Missing character: There is no n in font nullfont!
Missing character: There is no c in font nullfont!
Missing character: There is no h in font nullfont!
Missing character: There is no e in font nullfont!
Missing character: There is no s in font nullfont!
Missing character: There is no i in font nullfont!
Missing character: There is no n in font nullfont!
Missing character: There is no f in font nullfont!
Missing character: There is no i in font nullfont!
Missing character: There is no n in font nullfont!
Missing character: There is no i in font nullfont!
Missing character: There is no e in font nullfont!
Missing character: There is no s in font nullfont!
Missing character: There is no d in font nullfont!
Missing character: There is no e in font nullfont!
Missing character: There is no . in font nullfont!
c:/Users/sousou/Desktop/Book_Maths_Bac_Eco/examens/examen_blanc_1.tex:333: Undefined control sequence.
l.333 \lignerep
               \lignerep\lignerep\lignerep\lignerep\lignerep\lignerep\ligner...
The control sequence at the end of the top line
of your error message was never \def'ed. If you have
misspelled it (e.g., `\hobx'), type `I' and the correct
spelling (e.g., `I\hbox'). Otherwise just continue,
and I'll forget about whatever was undefined.

c:/Users/sousou/Desktop/Book_Maths_Bac_Eco/examens/examen_blanc_1.tex:333: Undefined control sequence.
l.333 \lignerep\lignerep
                        \lignerep\lignerep\lignerep\lignerep\lignerep\ligner...
The control sequence at the end of the top line
of your error message was never \def'ed. If you have
misspelled it (e.g., `\hobx'), type `I' and the correct
spelling (e.g., `I\hbox'). Otherwise just continue,
and I'll forget about whatever was undefined.

c:/Users/sousou/Desktop/Book_Maths_Bac_Eco/examens/examen_blanc_1.tex:333: Undefined control sequence.
l.333 \lignerep\lignerep\lignerep
                                 \lignerep\lignerep\lignerep\lignerep\ligner...
The control sequence at the end of the top line
of your error message was never \def'ed. If you have
misspelled it (e.g., `\hobx'), type `I' and the correct
spelling (e.g., `I\hbox'). Otherwise just continue,
and I'll forget about whatever was undefined.

c:/Users/sousou/Desktop/Book_Maths_Bac_Eco/examens/examen_blanc_1.tex:333: Undefined control sequence.
l.333 \lignerep\lignerep\lignerep\lignerep
                                          \lignerep\lignerep\lignerep\ligner...
The control sequence at the end of the top line
of your error message was never \def'ed. If you have
misspelled it (e.g., `\hobx'), type `I' and the correct
spelling (e.g., `I\hbox'). Otherwise just continue,
and I'll forget about whatever was undefined.

c:/Users/sousou/Desktop/Book_Maths_Bac_Eco/examens/examen_blanc_1.tex:333: Undefined control sequence.
l.333 ...nerep\lignerep\lignerep\lignerep\lignerep
                                                  \lignerep\lignerep\lignere...
The control sequence at the end of the top line
of your error message was never \def'ed. If you have
misspelled it (e.g., `\hobx'), type `I' and the correct
spelling (e.g., `I\hbox'). Otherwise just continue,
and I'll forget about whatever was undefined.

c:/Users/sousou/Desktop/Book_Maths_Bac_Eco/examens/examen_blanc_1.tex:333: Undefined control sequence.
l.333 ...nerep\lignerep\lignerep\lignerep\lignerep
                                                  \lignerep\lignerep\lignerep
The control sequence at the end of the top line
of your error message was never \def'ed. If you have
misspelled it (e.g., `\hobx'), type `I' and the correct
spelling (e.g., `I\hbox'). Otherwise just continue,
and I'll forget about whatever was undefined.

c:/Users/sousou/Desktop/Book_Maths_Bac_Eco/examens/examen_blanc_1.tex:333: Undefined control sequence.
l.333 ...nerep\lignerep\lignerep\lignerep\lignerep
                                                  \lignerep\lignerep
The control sequence at the end of the top line
of your error message was never \def'ed. If you have
misspelled it (e.g., `\hobx'), type `I' and the correct
spelling (e.g., `I\hbox'). Otherwise just continue,
and I'll forget about whatever was undefined.

c:/Users/sousou/Desktop/Book_Maths_Bac_Eco/examens/examen_blanc_1.tex:333: Undefined control sequence.
l.333 ...nerep\lignerep\lignerep\lignerep\lignerep
                                                  \lignerep
The control sequence at the end of the top line
of your error message was never \def'ed. If you have
misspelled it (e.g., `\hobx'), type `I' and the correct
spelling (e.g., `I\hbox'). Otherwise just continue,
and I'll forget about whatever was undefined.

c:/Users/sousou/Desktop/Book_Maths_Bac_Eco/examens/examen_blanc_1.tex:333: Undefined control sequence.
l.333 ...nerep\lignerep\lignerep\lignerep\lignerep
                                                  
The control sequence at the end of the top line
of your error message was never \def'ed. If you have
misspelled it (e.g., `\hobx'), type `I' and the correct
spelling (e.g., `I\hbox'). Otherwise just continue,
and I'll forget about whatever was undefined.


Overfull \hbox (432.4818pt too wide) in paragraph at lines 328--334
[] 
 []


c:/Users/sousou/Desktop/Book_Maths_Bac_Eco/examens/examen_blanc_1.tex:335: LaTeX Error: The font size command \normalsize is not defined:
               there is probably something wrong with the class file.

See the LaTeX manual or LaTeX Companion for explanation.
Type  H <return>  for immediate help.
 ...                                              
                                                  
l.335 \newpage
              
Your command was ignored.
Type  I <command> <return>  to replace it with another command,
or  <return>  to continue without it.

[4]

c:/Users/sousou/Desktop/Book_Maths_Bac_Eco/examens/examen_blanc_1.tex:341: LaTeX Error: Environment exerciceBox undefined.

See the LaTeX manual or LaTeX Companion for explanation.
Type  H <return>  for immediate help.
 ...                                              
                                                  
l.341 \begin{exerciceBox}
                         {5}{7,25}
Your command was ignored.
Type  I <command> <return>  to replace it with another command,
or  <return>  to continue without it.

Missing character: There is no 5 in font nullfont!
Missing character: There is no 7 in font nullfont!
Missing character: There is no , in font nullfont!
Missing character: There is no 2 in font nullfont!
Missing character: There is no 5 in font nullfont!
Missing character: There is no S in font nullfont!
Missing character: There is no o in font nullfont!
Missing character: There is no i in font nullfont!
Missing character: There is no t in font nullfont!
Missing character: There is no l in font nullfont!
Missing character: There is no a in font nullfont!
Missing character: There is no f in font nullfont!
Missing character: There is no o in font nullfont!
Missing character: There is no n in font nullfont!
Missing character: There is no c in font nullfont!
Missing character: There is no t in font nullfont!
Missing character: There is no i in font nullfont!
Missing character: There is no o in font nullfont!
Missing character: There is no n in font nullfont!
Missing character: There is no d in font nullfont!
Missing character: There is no f in font nullfont!
Missing character: There is no i in font nullfont!
Missing character: There is no n in font nullfont!
Missing character: There is no i in font nullfont!
Missing character: There is no e in font nullfont!
Missing character: There is no s in font nullfont!
Missing character: There is no u in font nullfont!
Missing character: There is no r in font nullfont!
c:/Users/sousou/Desktop/Book_Maths_Bac_Eco/examens/examen_blanc_1.tex:342: Undefined control sequence.
<recently read> \R 
                   
l.342   Soit $f$ la fonction d\'{e}finie sur $\R
                                                $ par $f(x) = (1-x)^2\,e^x$.
The control sequence at the end of the top line
of your error message was never \def'ed. If you have
misspelled it (e.g., `\hobx'), type `I' and the correct
spelling (e.g., `I\hbox'). Otherwise just continue,
and I'll forget about whatever was undefined.

Missing character: There is no p in font nullfont!
Missing character: There is no a in font nullfont!
Missing character: There is no r in font nullfont!
Missing character: There is no . in font nullfont!
Missing character: There is no S in font nullfont!
Missing character: There is no o in font nullfont!
Missing character: There is no i in font nullfont!
Missing character: There is no t in font nullfont!
Missing character: There is no s in font nullfont!
Missing character: There is no a in font nullfont!
Missing character: There is no c in font nullfont!
Missing character: There is no o in font nullfont!
Missing character: There is no u in font nullfont!
Missing character: There is no r in font nullfont!
Missing character: There is no b in font nullfont!
Missing character: There is no e in font nullfont!
Missing character: There is no r in font nullfont!
Missing character: There is no e in font nullfont!
Missing character: There is no p in font nullfont!
Missing character: There is no r in font nullfont!
Missing character: There is no s in font nullfont!
Missing character: There is no e in font nullfont!
Missing character: There is no n in font nullfont!
Missing character: There is no t in font nullfont!
Missing character: There is no a in font nullfont!
Missing character: There is no t in font nullfont!
Missing character: There is no i in font nullfont!
Missing character: There is no v in font nullfont!
Missing character: There is no e in font nullfont!
Missing character: There is no d in font nullfont!
Missing character: There is no a in font nullfont!
Missing character: There is no n in font nullfont!
Missing character: There is no s in font nullfont!
Missing character: There is no u in font nullfont!
Missing character: There is no n in font nullfont!
Missing character: There is no r in font nullfont!
Missing character: There is no e in font nullfont!
Missing character: There is no p in font nullfont!
Missing character: There is no r in font nullfont!
Missing character: There is no e in font nullfont!
Missing character: There is no o in font nullfont!
Missing character: There is no r in font nullfont!
Missing character: There is no t in font nullfont!
Missing character: There is no h in font nullfont!
Missing character: There is no o in font nullfont!
Missing character: There is no n in font nullfont!
Missing character: There is no o in font nullfont!
Missing character: There is no r in font nullfont!
Missing character: There is no m in font nullfont!
Missing character: There is no , in font nullfont!
Missing character: There is no a in font nullfont!
Missing character: There is no v in font nullfont!
Missing character: There is no e in font nullfont!
Missing character: There is no c in font nullfont!
c:/Users/sousou/Desktop/Book_Maths_Bac_Eco/examens/examen_blanc_1.tex:344: Undefined control sequence.
l.344 ...\,\vec{j})$, avec $\|\vec{i}\| = 1\,\text
                                                  {cm}$.
The control sequence at the end of the top line
of your error message was never \def'ed. If you have
misspelled it (e.g., `\hobx'), type `I' and the correct
spelling (e.g., `I\hbox'). Otherwise just continue,
and I'll forget about whatever was undefined.

Missing character: There is no . in font nullfont!

c:/Users/sousou/Desktop/Book_Maths_Bac_Eco/examens/examen_blanc_1.tex:345: LaTeX Error: \begin{document} ended by \end{exerciceBox}.

See the LaTeX manual or LaTeX Companion for explanation.
Type  H <return>  for immediate help.
 ...                                              
                                                  
l.345 \end{exerciceBox}
                       
Your command was ignored.
Type  I <command> <return>  to replace it with another command,
or  <return>  to continue without it.


Overfull \hbox (20.0pt too wide) in paragraph at lines 341--346
[]
 []


Overfull \hbox (5.97226pt too wide) in paragraph at lines 341--346
\OML/cmm/m/it/10 f$
 []


Overfull \hbox (4.44444pt too wide) in paragraph at lines 341--346
\/cmr/m/n/10 ^^Se
 []


Overfull \hbox (30.02084pt too wide) in paragraph at lines 341--346
\OML/cmm/m/it/10 f\/cmr/m/n/10 (\OML/cmm/m/it/10 x\/cmr/m/n/10 ) =
 []


Overfull \hbox (16.66672pt too wide) in paragraph at lines 341--346
\/cmr/m/n/10 (1 \OMS/cmsy/m/n/10 ^^@
 []


Overfull \hbox (25.44792pt too wide) in paragraph at lines 341--346
\OML/cmm/m/it/10 x\/cmr/m/n/10 )[] \OML/cmm/m/it/10 e[]$
 []


Overfull \hbox (18.22717pt too wide) in paragraph at lines 341--346
\/cmr/m/n/10 (\OMS/cmsy/m/n/10 C[]\/cmr/m/n/10 )$
 []


Overfull \hbox (4.44444pt too wide) in paragraph at lines 341--346
\/cmr/m/n/10 ^^Se
 []


Overfull \hbox (4.44444pt too wide) in paragraph at lines 341--346
\/cmr/m/n/10 ^^Re
 []


Overfull \hbox (4.44444pt too wide) in paragraph at lines 341--346
\/cmr/m/n/10 ^^Se
 []


Overfull \hbox (36.04105pt too wide) in paragraph at lines 341--346
\/cmr/m/n/10 (\OML/cmm/m/it/10 O\/cmr/m/n/10 ;  [];  [])$
 []


Overfull \hbox (24.00067pt too wide) in paragraph at lines 341--346
\OMS/cmsy/m/n/10 k[]k \/cmr/m/n/10 =
 []


Overfull \hbox (19.77434pt too wide) in paragraph at lines 341--346
\/cmr/m/n/10 1 []$
 []

c:/Users/sousou/Desktop/Book_Maths_Bac_Eco/examens/examen_blanc_1.tex:351: Undefined control sequence.
l.351   \textcolor
                  {burgundy}{\textbf{1,25}} &
The control sequence at the end of the top line
of your error message was never \def'ed. If you have
misspelled it (e.g., `\hobx'), type `I' and the correct
spelling (e.g., `I\hbox'). Otherwise just continue,
and I'll forget about whatever was undefined.

Missing character: There is no b in font nullfont!
Missing character: There is no u in font nullfont!
Missing character: There is no r in font nullfont!
Missing character: There is no g in font nullfont!
Missing character: There is no u in font nullfont!
Missing character: There is no n in font nullfont!
Missing character: There is no d in font nullfont!
Missing character: There is no y in font nullfont!
Missing character: There is no C in font nullfont!
Missing character: There is no a in font nullfont!
Missing character: There is no l in font nullfont!
Missing character: There is no c in font nullfont!
Missing character: There is no u in font nullfont!
Missing character: There is no l in font nullfont!
Missing character: There is no e in font nullfont!
Missing character: There is no r in font nullfont!
Missing character: There is no e in font nullfont!
Missing character: There is no t in font nullfont!
c:/Users/sousou/Desktop/Book_Maths_Bac_Eco/examens/examen_blanc_1.tex:353: Undefined control sequence.
l.353   $\displaystyle\lim_{x\to+\infty} \dfrac
                                               {f(x)}{x}$,
The control sequence at the end of the top line
of your error message was never \def'ed. If you have
misspelled it (e.g., `\hobx'), type `I' and the correct
spelling (e.g., `I\hbox'). Otherwise just continue,
and I'll forget about whatever was undefined.

Missing character: There is no , in font nullfont!
Missing character: There is no p in font nullfont!
Missing character: There is no u in font nullfont!
Missing character: There is no i in font nullfont!
Missing character: There is no s in font nullfont!
Missing character: There is no d in font nullfont!
Missing character: There is no o in font nullfont!
Missing character: There is no n in font nullfont!
Missing character: There is no n in font nullfont!
Missing character: There is no e in font nullfont!
Missing character: There is no r in font nullfont!
Missing character: There is no u in font nullfont!
Missing character: There is no n in font nullfont!
Missing character: There is no e in font nullfont!
Missing character: There is no i in font nullfont!
Missing character: There is no n in font nullfont!
Missing character: There is no t in font nullfont!
Missing character: There is no e in font nullfont!
Missing character: There is no r in font nullfont!
Missing character: There is no p in font nullfont!
Missing character: There is no r in font nullfont!
Missing character: There is no t in font nullfont!
Missing character: There is no a in font nullfont!
Missing character: There is no t in font nullfont!
Missing character: There is no i in font nullfont!
Missing character: There is no o in font nullfont!
Missing character: There is no n in font nullfont!
Missing character: There is no g in font nullfont!
Missing character: There is no o in font nullfont!
Missing character: There is no m in font nullfont!
Missing character: There is no t in font nullfont!
Missing character: There is no r in font nullfont!
Missing character: There is no i in font nullfont!
Missing character: There is no q in font nullfont!
Missing character: There is no u in font nullfont!
Missing character: There is no e in font nullfont!
Missing character: There is no . in font nullfont!
c:/Users/sousou/Desktop/Book_Maths_Bac_Eco/examens/examen_blanc_1.tex:356: Undefined control sequence.
l.356 \lignerep
               \lignerep\lignerep\lignerep\lignerep\lignerep\lignerep\ligner...
The control sequence at the end of the top line
of your error message was never \def'ed. If you have
misspelled it (e.g., `\hobx'), type `I' and the correct
spelling (e.g., `I\hbox'). Otherwise just continue,
and I'll forget about whatever was undefined.

c:/Users/sousou/Desktop/Book_Maths_Bac_Eco/examens/examen_blanc_1.tex:356: Undefined control sequence.
l.356 \lignerep\lignerep
                        \lignerep\lignerep\lignerep\lignerep\lignerep\ligner...
The control sequence at the end of the top line
of your error message was never \def'ed. If you have
misspelled it (e.g., `\hobx'), type `I' and the correct
spelling (e.g., `I\hbox'). Otherwise just continue,
and I'll forget about whatever was undefined.

c:/Users/sousou/Desktop/Book_Maths_Bac_Eco/examens/examen_blanc_1.tex:356: Undefined control sequence.
l.356 \lignerep\lignerep\lignerep
                                 \lignerep\lignerep\lignerep\lignerep\ligner...
The control sequence at the end of the top line
of your error message was never \def'ed. If you have
misspelled it (e.g., `\hobx'), type `I' and the correct
spelling (e.g., `I\hbox'). Otherwise just continue,
and I'll forget about whatever was undefined.

c:/Users/sousou/Desktop/Book_Maths_Bac_Eco/examens/examen_blanc_1.tex:356: Undefined control sequence.
l.356 \lignerep\lignerep\lignerep\lignerep
                                          \lignerep\lignerep\lignerep\ligner...
The control sequence at the end of the top line
of your error message was never \def'ed. If you have
misspelled it (e.g., `\hobx'), type `I' and the correct
spelling (e.g., `I\hbox'). Otherwise just continue,
and I'll forget about whatever was undefined.

c:/Users/sousou/Desktop/Book_Maths_Bac_Eco/examens/examen_blanc_1.tex:356: Undefined control sequence.
l.356 ...nerep\lignerep\lignerep\lignerep\lignerep
                                                  \lignerep\lignerep\lignere...
The control sequence at the end of the top line
of your error message was never \def'ed. If you have
misspelled it (e.g., `\hobx'), type `I' and the correct
spelling (e.g., `I\hbox'). Otherwise just continue,
and I'll forget about whatever was undefined.

c:/Users/sousou/Desktop/Book_Maths_Bac_Eco/examens/examen_blanc_1.tex:356: Undefined control sequence.
l.356 ...nerep\lignerep\lignerep\lignerep\lignerep
                                                  \lignerep\lignerep\lignere...
The control sequence at the end of the top line
of your error message was never \def'ed. If you have
misspelled it (e.g., `\hobx'), type `I' and the correct
spelling (e.g., `I\hbox'). Otherwise just continue,
and I'll forget about whatever was undefined.

c:/Users/sousou/Desktop/Book_Maths_Bac_Eco/examens/examen_blanc_1.tex:356: Undefined control sequence.
l.356 ...nerep\lignerep\lignerep\lignerep\lignerep
                                                  \lignerep\lignerep\lignerep
The control sequence at the end of the top line
of your error message was never \def'ed. If you have
misspelled it (e.g., `\hobx'), type `I' and the correct
spelling (e.g., `I\hbox'). Otherwise just continue,
and I'll forget about whatever was undefined.

c:/Users/sousou/Desktop/Book_Maths_Bac_Eco/examens/examen_blanc_1.tex:356: Undefined control sequence.
l.356 ...nerep\lignerep\lignerep\lignerep\lignerep
                                                  \lignerep\lignerep
The control sequence at the end of the top line
of your error message was never \def'ed. If you have
misspelled it (e.g., `\hobx'), type `I' and the correct
spelling (e.g., `I\hbox'). Otherwise just continue,
and I'll forget about whatever was undefined.

c:/Users/sousou/Desktop/Book_Maths_Bac_Eco/examens/examen_blanc_1.tex:356: Undefined control sequence.
l.356 ...nerep\lignerep\lignerep\lignerep\lignerep
                                                  \lignerep
The control sequence at the end of the top line
of your error message was never \def'ed. If you have
misspelled it (e.g., `\hobx'), type `I' and the correct
spelling (e.g., `I\hbox'). Otherwise just continue,
and I'll forget about whatever was undefined.

c:/Users/sousou/Desktop/Book_Maths_Bac_Eco/examens/examen_blanc_1.tex:356: Undefined control sequence.
l.356 ...nerep\lignerep\lignerep\lignerep\lignerep
                                                  
The control sequence at the end of the top line
of your error message was never \def'ed. If you have
misspelled it (e.g., `\hobx'), type `I' and the correct
spelling (e.g., `I\hbox'). Otherwise just continue,
and I'll forget about whatever was undefined.


Overfull \hbox (432.4818pt too wide) in paragraph at lines 349--357
[] 
 []

c:/Users/sousou/Desktop/Book_Maths_Bac_Eco/examens/examen_blanc_1.tex:361: Undefined control sequence.
l.361   \textcolor
                  {burgundy}{\textbf{0,75}} &
The control sequence at the end of the top line
of your error message was never \def'ed. If you have
misspelled it (e.g., `\hobx'), type `I' and the correct
spelling (e.g., `I\hbox'). Otherwise just continue,
and I'll forget about whatever was undefined.

Missing character: There is no b in font nullfont!
Missing character: There is no u in font nullfont!
Missing character: There is no r in font nullfont!
Missing character: There is no g in font nullfont!
Missing character: There is no u in font nullfont!
Missing character: There is no n in font nullfont!
Missing character: There is no d in font nullfont!
Missing character: There is no y in font nullfont!
Missing character: There is no V in font nullfont!
Missing character: There is no r in font nullfont!
Missing character: There is no i in font nullfont!
Missing character: There is no f in font nullfont!
Missing character: There is no i in font nullfont!
Missing character: There is no e in font nullfont!
Missing character: There is no r in font nullfont!
Missing character: There is no q in font nullfont!
Missing character: There is no u in font nullfont!
Missing character: There is no e in font nullfont!
Missing character: There is no p in font nullfont!
Missing character: There is no o in font nullfont!
Missing character: There is no u in font nullfont!
Missing character: There is no r in font nullfont!
Missing character: There is no t in font nullfont!
Missing character: There is no o in font nullfont!
Missing character: There is no u in font nullfont!
Missing character: There is no t in font nullfont!
c:/Users/sousou/Desktop/Book_Maths_Bac_Eco/examens/examen_blanc_1.tex:362: Undefined control sequence.
l.362 ... a.} V\'{e}rifier que pour tout $x \in \R
                                                  $ :
The control sequence at the end of the top line
of your error message was never \def'ed. If you have
misspelled it (e.g., `\hobx'), type `I' and the correct
spelling (e.g., `I\hbox'). Otherwise just continue,
and I'll forget about whatever was undefined.

Missing character: There is no : in font nullfont!
c:/Users/sousou/Desktop/Book_Maths_Bac_Eco/examens/examen_blanc_1.tex:363: Undefined control sequence.
l.363   $f(x) = x^2 e^x\!\left(1 - \dfrac
                                         {2}{x} + \dfrac{1}{x^2}\right)$.
The control sequence at the end of the top line
of your error message was never \def'ed. If you have
misspelled it (e.g., `\hobx'), type `I' and the correct
spelling (e.g., `I\hbox'). Otherwise just continue,
and I'll forget about whatever was undefined.

c:/Users/sousou/Desktop/Book_Maths_Bac_Eco/examens/examen_blanc_1.tex:363: Undefined control sequence.
l.363 ... x^2 e^x\!\left(1 - \dfrac{2}{x} + \dfrac
                                                  {1}{x^2}\right)$.
The control sequence at the end of the top line
of your error message was never \def'ed. If you have
misspelled it (e.g., `\hobx'), type `I' and the correct
spelling (e.g., `I\hbox'). Otherwise just continue,
and I'll forget about whatever was undefined.

Missing character: There is no . in font nullfont!
c:/Users/sousou/Desktop/Book_Maths_Bac_Eco/examens/examen_blanc_1.tex:365: Undefined control sequence.
l.365 \lignerep
               \lignerep\lignerep\lignerep\lignerep\lignerep
The control sequence at the end of the top line
of your error message was never \def'ed. If you have
misspelled it (e.g., `\hobx'), type `I' and the correct
spelling (e.g., `I\hbox'). Otherwise just continue,
and I'll forget about whatever was undefined.

c:/Users/sousou/Desktop/Book_Maths_Bac_Eco/examens/examen_blanc_1.tex:365: Undefined control sequence.
l.365 \lignerep\lignerep
                        \lignerep\lignerep\lignerep\lignerep
The control sequence at the end of the top line
of your error message was never \def'ed. If you have
misspelled it (e.g., `\hobx'), type `I' and the correct
spelling (e.g., `I\hbox'). Otherwise just continue,
and I'll forget about whatever was undefined.

c:/Users/sousou/Desktop/Book_Maths_Bac_Eco/examens/examen_blanc_1.tex:365: Undefined control sequence.
l.365 \lignerep\lignerep\lignerep
                                 \lignerep\lignerep\lignerep
The control sequence at the end of the top line
of your error message was never \def'ed. If you have
misspelled it (e.g., `\hobx'), type `I' and the correct
spelling (e.g., `I\hbox'). Otherwise just continue,
and I'll forget about whatever was undefined.

c:/Users/sousou/Desktop/Book_Maths_Bac_Eco/examens/examen_blanc_1.tex:365: Undefined control sequence.
l.365 \lignerep\lignerep\lignerep\lignerep
                                          \lignerep\lignerep
The control sequence at the end of the top line
of your error message was never \def'ed. If you have
misspelled it (e.g., `\hobx'), type `I' and the correct
spelling (e.g., `I\hbox'). Otherwise just continue,
and I'll forget about whatever was undefined.

c:/Users/sousou/Desktop/Book_Maths_Bac_Eco/examens/examen_blanc_1.tex:365: Undefined control sequence.
l.365 ...nerep\lignerep\lignerep\lignerep\lignerep
                                                  \lignerep
The control sequence at the end of the top line
of your error message was never \def'ed. If you have
misspelled it (e.g., `\hobx'), type `I' and the correct
spelling (e.g., `I\hbox'). Otherwise just continue,
and I'll forget about whatever was undefined.

c:/Users/sousou/Desktop/Book_Maths_Bac_Eco/examens/examen_blanc_1.tex:365: Undefined control sequence.
l.365 ...nerep\lignerep\lignerep\lignerep\lignerep
                                                  
The control sequence at the end of the top line
of your error message was never \def'ed. If you have
misspelled it (e.g., `\hobx'), type `I' and the correct
spelling (e.g., `I\hbox'). Otherwise just continue,
and I'll forget about whatever was undefined.


Overfull \hbox (432.4818pt too wide) in paragraph at lines 359--366
[] 
 []

c:/Users/sousou/Desktop/Book_Maths_Bac_Eco/examens/examen_blanc_1.tex:370: Undefined control sequence.
l.370   \textcolor
                  {burgundy}{\textbf{0,75}} &
The control sequence at the end of the top line
of your error message was never \def'ed. If you have
misspelled it (e.g., `\hobx'), type `I' and the correct
spelling (e.g., `I\hbox'). Otherwise just continue,
and I'll forget about whatever was undefined.

Missing character: There is no b in font nullfont!
Missing character: There is no u in font nullfont!
Missing character: There is no r in font nullfont!
Missing character: There is no g in font nullfont!
Missing character: There is no u in font nullfont!
Missing character: There is no n in font nullfont!
Missing character: There is no d in font nullfont!
Missing character: There is no y in font nullfont!
Missing character: There is no C in font nullfont!
Missing character: There is no a in font nullfont!
Missing character: There is no l in font nullfont!
Missing character: There is no c in font nullfont!
Missing character: There is no u in font nullfont!
Missing character: There is no l in font nullfont!
Missing character: There is no e in font nullfont!
Missing character: There is no r in font nullfont!
Missing character: There is no e in font nullfont!
Missing character: There is no t in font nullfont!
Missing character: There is no d in font nullfont!
Missing character: There is no o in font nullfont!
Missing character: There is no n in font nullfont!
Missing character: There is no n in font nullfont!
Missing character: There is no e in font nullfont!
Missing character: There is no r in font nullfont!
Missing character: There is no u in font nullfont!
Missing character: There is no n in font nullfont!
Missing character: There is no e in font nullfont!
Missing character: There is no i in font nullfont!
Missing character: There is no n in font nullfont!
Missing character: There is no t in font nullfont!
Missing character: There is no e in font nullfont!
Missing character: There is no r in font nullfont!
Missing character: There is no p in font nullfont!
Missing character: There is no r in font nullfont!
Missing character: There is no t in font nullfont!
Missing character: There is no a in font nullfont!
Missing character: There is no t in font nullfont!
Missing character: There is no i in font nullfont!
Missing character: There is no o in font nullfont!
Missing character: There is no n in font nullfont!
Missing character: There is no g in font nullfont!
Missing character: There is no o in font nullfont!
Missing character: There is no m in font nullfont!
Missing character: There is no t in font nullfont!
Missing character: There is no r in font nullfont!
Missing character: There is no i in font nullfont!
Missing character: There is no q in font nullfont!
Missing character: There is no u in font nullfont!
Missing character: There is no e in font nullfont!
Missing character: There is no . in font nullfont!
c:/Users/sousou/Desktop/Book_Maths_Bac_Eco/examens/examen_blanc_1.tex:374: Undefined control sequence.
l.374 \lignerep
               \lignerep\lignerep\lignerep\lignerep\lignerep\lignerep\lignerep
The control sequence at the end of the top line
of your error message was never \def'ed. If you have
misspelled it (e.g., `\hobx'), type `I' and the correct
spelling (e.g., `I\hbox'). Otherwise just continue,
and I'll forget about whatever was undefined.

c:/Users/sousou/Desktop/Book_Maths_Bac_Eco/examens/examen_blanc_1.tex:374: Undefined control sequence.
l.374 \lignerep\lignerep
                        \lignerep\lignerep\lignerep\lignerep\lignerep\lignerep
The control sequence at the end of the top line
of your error message was never \def'ed. If you have
misspelled it (e.g., `\hobx'), type `I' and the correct
spelling (e.g., `I\hbox'). Otherwise just continue,
and I'll forget about whatever was undefined.

c:/Users/sousou/Desktop/Book_Maths_Bac_Eco/examens/examen_blanc_1.tex:374: Undefined control sequence.
l.374 \lignerep\lignerep\lignerep
                                 \lignerep\lignerep\lignerep\lignerep\lignerep
The control sequence at the end of the top line
of your error message was never \def'ed. If you have
misspelled it (e.g., `\hobx'), type `I' and the correct
spelling (e.g., `I\hbox'). Otherwise just continue,
and I'll forget about whatever was undefined.

c:/Users/sousou/Desktop/Book_Maths_Bac_Eco/examens/examen_blanc_1.tex:374: Undefined control sequence.
l.374 \lignerep\lignerep\lignerep\lignerep
                                          \lignerep\lignerep\lignerep\lignerep
The control sequence at the end of the top line
of your error message was never \def'ed. If you have
misspelled it (e.g., `\hobx'), type `I' and the correct
spelling (e.g., `I\hbox'). Otherwise just continue,
and I'll forget about whatever was undefined.

c:/Users/sousou/Desktop/Book_Maths_Bac_Eco/examens/examen_blanc_1.tex:374: Undefined control sequence.
l.374 ...nerep\lignerep\lignerep\lignerep\lignerep
                                                  \lignerep\lignerep\lignerep
The control sequence at the end of the top line
of your error message was never \def'ed. If you have
misspelled it (e.g., `\hobx'), type `I' and the correct
spelling (e.g., `I\hbox'). Otherwise just continue,
and I'll forget about whatever was undefined.

c:/Users/sousou/Desktop/Book_Maths_Bac_Eco/examens/examen_blanc_1.tex:374: Undefined control sequence.
l.374 ...nerep\lignerep\lignerep\lignerep\lignerep
                                                  \lignerep\lignerep
The control sequence at the end of the top line
of your error message was never \def'ed. If you have
misspelled it (e.g., `\hobx'), type `I' and the correct
spelling (e.g., `I\hbox'). Otherwise just continue,
and I'll forget about whatever was undefined.

c:/Users/sousou/Desktop/Book_Maths_Bac_Eco/examens/examen_blanc_1.tex:374: Undefined control sequence.
l.374 ...nerep\lignerep\lignerep\lignerep\lignerep
                                                  \lignerep
The control sequence at the end of the top line
of your error message was never \def'ed. If you have
misspelled it (e.g., `\hobx'), type `I' and the correct
spelling (e.g., `I\hbox'). Otherwise just continue,
and I'll forget about whatever was undefined.

c:/Users/sousou/Desktop/Book_Maths_Bac_Eco/examens/examen_blanc_1.tex:374: Undefined control sequence.
l.374 ...nerep\lignerep\lignerep\lignerep\lignerep
                                                  
The control sequence at the end of the top line
of your error message was never \def'ed. If you have
misspelled it (e.g., `\hobx'), type `I' and the correct
spelling (e.g., `I\hbox'). Otherwise just continue,
and I'll forget about whatever was undefined.


Overfull \hbox (432.4818pt too wide) in paragraph at lines 368--375
[] 
 []

c:/Users/sousou/Desktop/Book_Maths_Bac_Eco/examens/examen_blanc_1.tex:379: Undefined control sequence.
l.379   \textcolor
                  {burgundy}{\textbf{1}} &
The control sequence at the end of the top line
of your error message was never \def'ed. If you have
misspelled it (e.g., `\hobx'), type `I' and the correct
spelling (e.g., `I\hbox'). Otherwise just continue,
and I'll forget about whatever was undefined.

Missing character: There is no b in font nullfont!
Missing character: There is no u in font nullfont!
Missing character: There is no r in font nullfont!
Missing character: There is no g in font nullfont!
Missing character: There is no u in font nullfont!
Missing character: There is no n in font nullfont!
Missing character: There is no d in font nullfont!
Missing character: There is no y in font nullfont!
Missing character: There is no M in font nullfont!
Missing character: There is no o in font nullfont!
Missing character: There is no n in font nullfont!
Missing character: There is no t in font nullfont!
Missing character: There is no r in font nullfont!
Missing character: There is no e in font nullfont!
Missing character: There is no r in font nullfont!
Missing character: There is no q in font nullfont!
Missing character: There is no u in font nullfont!
Missing character: There is no e in font nullfont!
c:/Users/sousou/Desktop/Book_Maths_Bac_Eco/examens/examen_blanc_1.tex:380: Undefined control sequence.
l.380 ...xtbf{3. a.} Montrer que $\forall x \in \R
                                                  $ :
The control sequence at the end of the top line
of your error message was never \def'ed. If you have
misspelled it (e.g., `\hobx'), type `I' and the correct
spelling (e.g., `I\hbox'). Otherwise just continue,
and I'll forget about whatever was undefined.

Missing character: There is no : in font nullfont!
Missing character: There is no . in font nullfont!
c:/Users/sousou/Desktop/Book_Maths_Bac_Eco/examens/examen_blanc_1.tex:383: Undefined control sequence.
l.383 \lignerep
               \lignerep\lignerep\lignerep\lignerep\lignerep\lignerep\ligner...
The control sequence at the end of the top line
of your error message was never \def'ed. If you have
misspelled it (e.g., `\hobx'), type `I' and the correct
spelling (e.g., `I\hbox'). Otherwise just continue,
and I'll forget about whatever was undefined.

c:/Users/sousou/Desktop/Book_Maths_Bac_Eco/examens/examen_blanc_1.tex:383: Undefined control sequence.
l.383 \lignerep\lignerep
                        \lignerep\lignerep\lignerep\lignerep\lignerep\ligner...
The control sequence at the end of the top line
of your error message was never \def'ed. If you have
misspelled it (e.g., `\hobx'), type `I' and the correct
spelling (e.g., `I\hbox'). Otherwise just continue,
and I'll forget about whatever was undefined.

c:/Users/sousou/Desktop/Book_Maths_Bac_Eco/examens/examen_blanc_1.tex:383: Undefined control sequence.
l.383 \lignerep\lignerep\lignerep
                                 \lignerep\lignerep\lignerep\lignerep\ligner...
The control sequence at the end of the top line
of your error message was never \def'ed. If you have
misspelled it (e.g., `\hobx'), type `I' and the correct
spelling (e.g., `I\hbox'). Otherwise just continue,
and I'll forget about whatever was undefined.

c:/Users/sousou/Desktop/Book_Maths_Bac_Eco/examens/examen_blanc_1.tex:383: Undefined control sequence.
l.383 \lignerep\lignerep\lignerep\lignerep
                                          \lignerep\lignerep\lignerep\ligner...
The control sequence at the end of the top line
of your error message was never \def'ed. If you have
misspelled it (e.g., `\hobx'), type `I' and the correct
spelling (e.g., `I\hbox'). Otherwise just continue,
and I'll forget about whatever was undefined.

c:/Users/sousou/Desktop/Book_Maths_Bac_Eco/examens/examen_blanc_1.tex:383: Undefined control sequence.
l.383 ...nerep\lignerep\lignerep\lignerep\lignerep
                                                  \lignerep\lignerep\lignere...
The control sequence at the end of the top line
of your error message was never \def'ed. If you have
misspelled it (e.g., `\hobx'), type `I' and the correct
spelling (e.g., `I\hbox'). Otherwise just continue,
and I'll forget about whatever was undefined.

c:/Users/sousou/Desktop/Book_Maths_Bac_Eco/examens/examen_blanc_1.tex:383: Undefined control sequence.
l.383 ...nerep\lignerep\lignerep\lignerep\lignerep
                                                  \lignerep\lignerep\lignere...
The control sequence at the end of the top line
of your error message was never \def'ed. If you have
misspelled it (e.g., `\hobx'), type `I' and the correct
spelling (e.g., `I\hbox'). Otherwise just continue,
and I'll forget about whatever was undefined.

c:/Users/sousou/Desktop/Book_Maths_Bac_Eco/examens/examen_blanc_1.tex:383: Undefined control sequence.
l.383 ...nerep\lignerep\lignerep\lignerep\lignerep
                                                  \lignerep\lignerep\lignere...
The control sequence at the end of the top line
of your error message was never \def'ed. If you have
misspelled it (e.g., `\hobx'), type `I' and the correct
spelling (e.g., `I\hbox'). Otherwise just continue,
and I'll forget about whatever was undefined.

c:/Users/sousou/Desktop/Book_Maths_Bac_Eco/examens/examen_blanc_1.tex:383: Undefined control sequence.
l.383 ...nerep\lignerep\lignerep\lignerep\lignerep
                                                  \lignerep\lignerep\lignere...
The control sequence at the end of the top line
of your error message was never \def'ed. If you have
misspelled it (e.g., `\hobx'), type `I' and the correct
spelling (e.g., `I\hbox'). Otherwise just continue,
and I'll forget about whatever was undefined.

c:/Users/sousou/Desktop/Book_Maths_Bac_Eco/examens/examen_blanc_1.tex:383: Undefined control sequence.
l.383 ...nerep\lignerep\lignerep\lignerep\lignerep
                                                  \lignerep\lignerep\lignerep
The control sequence at the end of the top line
of your error message was never \def'ed. If you have
misspelled it (e.g., `\hobx'), type `I' and the correct
spelling (e.g., `I\hbox'). Otherwise just continue,
and I'll forget about whatever was undefined.

c:/Users/sousou/Desktop/Book_Maths_Bac_Eco/examens/examen_blanc_1.tex:383: Undefined control sequence.
l.383 ...nerep\lignerep\lignerep\lignerep\lignerep
                                                  \lignerep\lignerep
The control sequence at the end of the top line
of your error message was never \def'ed. If you have
misspelled it (e.g., `\hobx'), type `I' and the correct
spelling (e.g., `I\hbox'). Otherwise just continue,
and I'll forget about whatever was undefined.

c:/Users/sousou/Desktop/Book_Maths_Bac_Eco/examens/examen_blanc_1.tex:383: Undefined control sequence.
l.383 ...nerep\lignerep\lignerep\lignerep\lignerep
                                                  \lignerep
The control sequence at the end of the top line
of your error message was never \def'ed. If you have
misspelled it (e.g., `\hobx'), type `I' and the correct
spelling (e.g., `I\hbox'). Otherwise just continue,
and I'll forget about whatever was undefined.

c:/Users/sousou/Desktop/Book_Maths_Bac_Eco/examens/examen_blanc_1.tex:383: Undefined control sequence.
l.383 ...nerep\lignerep\lignerep\lignerep\lignerep
                                                  
The control sequence at the end of the top line
of your error message was never \def'ed. If you have
misspelled it (e.g., `\hobx'), type `I' and the correct
spelling (e.g., `I\hbox'). Otherwise just continue,
and I'll forget about whatever was undefined.


Overfull \hbox (432.4818pt too wide) in paragraph at lines 377--384
[] 
 []

c:/Users/sousou/Desktop/Book_Maths_Bac_Eco/examens/examen_blanc_1.tex:388: Undefined control sequence.
l.388   \textcolor
                  {burgundy}{\textbf{1}} &
The control sequence at the end of the top line
of your error message was never \def'ed. If you have
misspelled it (e.g., `\hobx'), type `I' and the correct
spelling (e.g., `I\hbox'). Otherwise just continue,
and I'll forget about whatever was undefined.

Missing character: There is no b in font nullfont!
Missing character: There is no u in font nullfont!
Missing character: There is no r in font nullfont!
Missing character: There is no g in font nullfont!
Missing character: There is no u in font nullfont!
Missing character: There is no n in font nullfont!
Missing character: There is no d in font nullfont!
Missing character: There is no y in font nullfont!
Missing character: There is no D in font nullfont!
Missing character: There is no r in font nullfont!
Missing character: There is no e in font nullfont!
Missing character: There is no s in font nullfont!
Missing character: There is no s in font nullfont!
Missing character: There is no e in font nullfont!
Missing character: There is no r in font nullfont!
Missing character: There is no l in font nullfont!
Missing character: There is no e in font nullfont!
Missing character: There is no t in font nullfont!
Missing character: There is no a in font nullfont!
Missing character: There is no b in font nullfont!
Missing character: There is no l in font nullfont!
Missing character: There is no e in font nullfont!
Missing character: There is no a in font nullfont!
Missing character: There is no u in font nullfont!
Missing character: There is no d in font nullfont!
Missing character: There is no e in font nullfont!
Missing character: There is no v in font nullfont!
Missing character: There is no a in font nullfont!
Missing character: There is no r in font nullfont!
Missing character: There is no i in font nullfont!
Missing character: There is no a in font nullfont!
Missing character: There is no t in font nullfont!
Missing character: There is no i in font nullfont!
Missing character: There is no o in font nullfont!
Missing character: There is no n in font nullfont!
Missing character: There is no s in font nullfont!
Missing character: There is no d in font nullfont!
Missing character: There is no e in font nullfont!
Missing character: There is no s in font nullfont!
Missing character: There is no u in font nullfont!
Missing character: There is no r in font nullfont!
c:/Users/sousou/Desktop/Book_Maths_Bac_Eco/examens/examen_blanc_1.tex:389: Undefined control sequence.
<recently read> \R 
                   
l.389 ...r le tableau de variations de $f$ sur $\R
                                                  $.
The control sequence at the end of the top line
of your error message was never \def'ed. If you have
misspelled it (e.g., `\hobx'), type `I' and the correct
spelling (e.g., `I\hbox'). Otherwise just continue,
and I'll forget about whatever was undefined.

Missing character: There is no . in font nullfont!
c:/Users/sousou/Desktop/Book_Maths_Bac_Eco/examens/examen_blanc_1.tex:391: Undefined control sequence.
l.391 \lignerep
               \lignerep\lignerep\lignerep\lignerep\lignerep\lignerep\ligner...
The control sequence at the end of the top line
of your error message was never \def'ed. If you have
misspelled it (e.g., `\hobx'), type `I' and the correct
spelling (e.g., `I\hbox'). Otherwise just continue,
and I'll forget about whatever was undefined.

c:/Users/sousou/Desktop/Book_Maths_Bac_Eco/examens/examen_blanc_1.tex:391: Undefined control sequence.
l.391 \lignerep\lignerep
                        \lignerep\lignerep\lignerep\lignerep\lignerep\ligner...
The control sequence at the end of the top line
of your error message was never \def'ed. If you have
misspelled it (e.g., `\hobx'), type `I' and the correct
spelling (e.g., `I\hbox'). Otherwise just continue,
and I'll forget about whatever was undefined.

c:/Users/sousou/Desktop/Book_Maths_Bac_Eco/examens/examen_blanc_1.tex:391: Undefined control sequence.
l.391 \lignerep\lignerep\lignerep
                                 \lignerep\lignerep\lignerep\lignerep\ligner...
The control sequence at the end of the top line
of your error message was never \def'ed. If you have
misspelled it (e.g., `\hobx'), type `I' and the correct
spelling (e.g., `I\hbox'). Otherwise just continue,
and I'll forget about whatever was undefined.

c:/Users/sousou/Desktop/Book_Maths_Bac_Eco/examens/examen_blanc_1.tex:391: Undefined control sequence.
l.391 \lignerep\lignerep\lignerep\lignerep
                                          \lignerep\lignerep\lignerep\ligner...
The control sequence at the end of the top line
of your error message was never \def'ed. If you have
misspelled it (e.g., `\hobx'), type `I' and the correct
spelling (e.g., `I\hbox'). Otherwise just continue,
and I'll forget about whatever was undefined.

c:/Users/sousou/Desktop/Book_Maths_Bac_Eco/examens/examen_blanc_1.tex:391: Undefined control sequence.
l.391 ...nerep\lignerep\lignerep\lignerep\lignerep
                                                  \lignerep\lignerep\lignere...
The control sequence at the end of the top line
of your error message was never \def'ed. If you have
misspelled it (e.g., `\hobx'), type `I' and the correct
spelling (e.g., `I\hbox'). Otherwise just continue,
and I'll forget about whatever was undefined.

c:/Users/sousou/Desktop/Book_Maths_Bac_Eco/examens/examen_blanc_1.tex:391: Undefined control sequence.
l.391 ...nerep\lignerep\lignerep\lignerep\lignerep
                                                  \lignerep\lignerep\lignere...
The control sequence at the end of the top line
of your error message was never \def'ed. If you have
misspelled it (e.g., `\hobx'), type `I' and the correct
spelling (e.g., `I\hbox'). Otherwise just continue,
and I'll forget about whatever was undefined.

c:/Users/sousou/Desktop/Book_Maths_Bac_Eco/examens/examen_blanc_1.tex:391: Undefined control sequence.
l.391 ...nerep\lignerep\lignerep\lignerep\lignerep
                                                  \lignerep\lignerep\lignerep
The control sequence at the end of the top line
of your error message was never \def'ed. If you have
misspelled it (e.g., `\hobx'), type `I' and the correct
spelling (e.g., `I\hbox'). Otherwise just continue,
and I'll forget about whatever was undefined.

c:/Users/sousou/Desktop/Book_Maths_Bac_Eco/examens/examen_blanc_1.tex:391: Undefined control sequence.
l.391 ...nerep\lignerep\lignerep\lignerep\lignerep
                                                  \lignerep\lignerep
The control sequence at the end of the top line
of your error message was never \def'ed. If you have
misspelled it (e.g., `\hobx'), type `I' and the correct
spelling (e.g., `I\hbox'). Otherwise just continue,
and I'll forget about whatever was undefined.

c:/Users/sousou/Desktop/Book_Maths_Bac_Eco/examens/examen_blanc_1.tex:391: Undefined control sequence.
l.391 ...nerep\lignerep\lignerep\lignerep\lignerep
                                                  \lignerep
The control sequence at the end of the top line
of your error message was never \def'ed. If you have
misspelled it (e.g., `\hobx'), type `I' and the correct
spelling (e.g., `I\hbox'). Otherwise just continue,
and I'll forget about whatever was undefined.

c:/Users/sousou/Desktop/Book_Maths_Bac_Eco/examens/examen_blanc_1.tex:391: Undefined control sequence.
l.391 ...nerep\lignerep\lignerep\lignerep\lignerep
                                                  
The control sequence at the end of the top line
of your error message was never \def'ed. If you have
misspelled it (e.g., `\hobx'), type `I' and the correct
spelling (e.g., `I\hbox'). Otherwise just continue,
and I'll forget about whatever was undefined.


Overfull \hbox (432.4818pt too wide) in paragraph at lines 386--392
[] 
 []

c:/Users/sousou/Desktop/Book_Maths_Bac_Eco/examens/examen_blanc_1.tex:396: Undefined control sequence.
l.396   \textcolor
                  {burgundy}{\textbf{0,5}} &
The control sequence at the end of the top line
of your error message was never \def'ed. If you have
misspelled it (e.g., `\hobx'), type `I' and the correct
spelling (e.g., `I\hbox'). Otherwise just continue,
and I'll forget about whatever was undefined.

Missing character: There is no b in font nullfont!
Missing character: There is no u in font nullfont!
Missing character: There is no r in font nullfont!
Missing character: There is no g in font nullfont!
Missing character: There is no u in font nullfont!
Missing character: There is no n in font nullfont!
Missing character: There is no d in font nullfont!
Missing character: There is no y in font nullfont!
Missing character: There is no D in font nullfont!
Missing character: There is no t in font nullfont!
Missing character: There is no e in font nullfont!
Missing character: There is no r in font nullfont!
Missing character: There is no m in font nullfont!
Missing character: There is no i in font nullfont!
Missing character: There is no n in font nullfont!
Missing character: There is no e in font nullfont!
Missing character: There is no r in font nullfont!
Missing character: There is no l in font nullfont!
Missing character: There is no ' in font nullfont!
Missing character: There is no q in font nullfont!
Missing character: There is no u in font nullfont!
Missing character: There is no a in font nullfont!
Missing character: There is no t in font nullfont!
Missing character: There is no i in font nullfont!
Missing character: There is no o in font nullfont!
Missing character: There is no n in font nullfont!
Missing character: There is no d in font nullfont!
Missing character: There is no e in font nullfont!
Missing character: There is no l in font nullfont!
Missing character: There is no a in font nullfont!
Missing character: There is no t in font nullfont!
Missing character: There is no a in font nullfont!
Missing character: There is no n in font nullfont!
Missing character: There is no g in font nullfont!
Missing character: There is no e in font nullfont!
Missing character: There is no n in font nullfont!
Missing character: There is no t in font nullfont!
Missing character: There is no e in font nullfont!
Missing character: There is no a in font nullfont!
Missing character: There is no u in font nullfont!
Missing character: There is no p in font nullfont!
Missing character: There is no o in font nullfont!
Missing character: There is no i in font nullfont!
Missing character: There is no n in font nullfont!
Missing character: There is no t in font nullfont!
Missing character: There is no d in font nullfont!
Missing character: There is no ' in font nullfont!
Missing character: There is no a in font nullfont!
Missing character: There is no b in font nullfont!
Missing character: There is no s in font nullfont!
Missing character: There is no c in font nullfont!
Missing character: There is no i in font nullfont!
Missing character: There is no s in font nullfont!
Missing character: There is no s in font nullfont!
Missing character: There is no e in font nullfont!
Missing character: There is no . in font nullfont!
c:/Users/sousou/Desktop/Book_Maths_Bac_Eco/examens/examen_blanc_1.tex:400: Undefined control sequence.
l.400 \lignerep
               \lignerep\lignerep\lignerep\lignerep
The control sequence at the end of the top line
of your error message was never \def'ed. If you have
misspelled it (e.g., `\hobx'), type `I' and the correct
spelling (e.g., `I\hbox'). Otherwise just continue,
and I'll forget about whatever was undefined.

c:/Users/sousou/Desktop/Book_Maths_Bac_Eco/examens/examen_blanc_1.tex:400: Undefined control sequence.
l.400 \lignerep\lignerep
                        \lignerep\lignerep\lignerep
The control sequence at the end of the top line
of your error message was never \def'ed. If you have
misspelled it (e.g., `\hobx'), type `I' and the correct
spelling (e.g., `I\hbox'). Otherwise just continue,
and I'll forget about whatever was undefined.

c:/Users/sousou/Desktop/Book_Maths_Bac_Eco/examens/examen_blanc_1.tex:400: Undefined control sequence.
l.400 \lignerep\lignerep\lignerep
                                 \lignerep\lignerep
The control sequence at the end of the top line
of your error message was never \def'ed. If you have
misspelled it (e.g., `\hobx'), type `I' and the correct
spelling (e.g., `I\hbox'). Otherwise just continue,
and I'll forget about whatever was undefined.

c:/Users/sousou/Desktop/Book_Maths_Bac_Eco/examens/examen_blanc_1.tex:400: Undefined control sequence.
l.400 \lignerep\lignerep\lignerep\lignerep
                                          \lignerep
The control sequence at the end of the top line
of your error message was never \def'ed. If you have
misspelled it (e.g., `\hobx'), type `I' and the correct
spelling (e.g., `I\hbox'). Otherwise just continue,
and I'll forget about whatever was undefined.

c:/Users/sousou/Desktop/Book_Maths_Bac_Eco/examens/examen_blanc_1.tex:400: Undefined control sequence.
l.400 ...nerep\lignerep\lignerep\lignerep\lignerep
                                                  
The control sequence at the end of the top line
of your error message was never \def'ed. If you have
misspelled it (e.g., `\hobx'), type `I' and the correct
spelling (e.g., `I\hbox'). Otherwise just continue,
and I'll forget about whatever was undefined.


Overfull \hbox (432.4818pt too wide) in paragraph at lines 394--401
[] 
 []

c:/Users/sousou/Desktop/Book_Maths_Bac_Eco/examens/examen_blanc_1.tex:405: Undefined control sequence.
l.405   \textcolor
                  {burgundy}{\textbf{0,75}} &
The control sequence at the end of the top line
of your error message was never \def'ed. If you have
misspelled it (e.g., `\hobx'), type `I' and the correct
spelling (e.g., `I\hbox'). Otherwise just continue,
and I'll forget about whatever was undefined.

Missing character: There is no b in font nullfont!
Missing character: There is no u in font nullfont!
Missing character: There is no r in font nullfont!
Missing character: There is no g in font nullfont!
Missing character: There is no u in font nullfont!
Missing character: There is no n in font nullfont!
Missing character: There is no d in font nullfont!
Missing character: There is no y in font nullfont!
Missing character: There is no M in font nullfont!
Missing character: There is no o in font nullfont!
Missing character: There is no n in font nullfont!
Missing character: There is no t in font nullfont!
Missing character: There is no r in font nullfont!
Missing character: There is no e in font nullfont!
Missing character: There is no r in font nullfont!
Missing character: There is no q in font nullfont!
Missing character: There is no u in font nullfont!
Missing character: There is no e in font nullfont!
Missing character: There is no e in font nullfont!
Missing character: There is no s in font nullfont!
Missing character: There is no t in font nullfont!
Missing character: There is no u in font nullfont!
Missing character: There is no n in font nullfont!
Missing character: There is no e in font nullfont!
Missing character: There is no p in font nullfont!
Missing character: There is no r in font nullfont!
Missing character: There is no i in font nullfont!
Missing character: There is no m in font nullfont!
Missing character: There is no i in font nullfont!
Missing character: There is no t in font nullfont!
Missing character: There is no i in font nullfont!
Missing character: There is no v in font nullfont!
Missing character: There is no e in font nullfont!
Missing character: There is no d in font nullfont!
Missing character: There is no e in font nullfont!
Missing character: There is no s in font nullfont!
Missing character: There is no u in font nullfont!
Missing character: There is no r in font nullfont!
c:/Users/sousou/Desktop/Book_Maths_Bac_Eco/examens/examen_blanc_1.tex:407: Undefined control sequence.
<recently read> \R 
                   
l.407   est une primitive de $f$ sur $\R
                                        $.
The control sequence at the end of the top line
of your error message was never \def'ed. If you have
misspelled it (e.g., `\hobx'), type `I' and the correct
spelling (e.g., `I\hbox'). Otherwise just continue,
and I'll forget about whatever was undefined.

Missing character: There is no . in font nullfont!
c:/Users/sousou/Desktop/Book_Maths_Bac_Eco/examens/examen_blanc_1.tex:409: Undefined control sequence.
l.409 \lignerep
               \lignerep\lignerep\lignerep\lignerep\lignerep\lignerep
The control sequence at the end of the top line
of your error message was never \def'ed. If you have
misspelled it (e.g., `\hobx'), type `I' and the correct
spelling (e.g., `I\hbox'). Otherwise just continue,
and I'll forget about whatever was undefined.

c:/Users/sousou/Desktop/Book_Maths_Bac_Eco/examens/examen_blanc_1.tex:409: Undefined control sequence.
l.409 \lignerep\lignerep
                        \lignerep\lignerep\lignerep\lignerep\lignerep
The control sequence at the end of the top line
of your error message was never \def'ed. If you have
misspelled it (e.g., `\hobx'), type `I' and the correct
spelling (e.g., `I\hbox'). Otherwise just continue,
and I'll forget about whatever was undefined.

c:/Users/sousou/Desktop/Book_Maths_Bac_Eco/examens/examen_blanc_1.tex:409: Undefined control sequence.
l.409 \lignerep\lignerep\lignerep
                                 \lignerep\lignerep\lignerep\lignerep
The control sequence at the end of the top line
of your error message was never \def'ed. If you have
misspelled it (e.g., `\hobx'), type `I' and the correct
spelling (e.g., `I\hbox'). Otherwise just continue,
and I'll forget about whatever was undefined.

c:/Users/sousou/Desktop/Book_Maths_Bac_Eco/examens/examen_blanc_1.tex:409: Undefined control sequence.
l.409 \lignerep\lignerep\lignerep\lignerep
                                          \lignerep\lignerep\lignerep
The control sequence at the end of the top line
of your error message was never \def'ed. If you have
misspelled it (e.g., `\hobx'), type `I' and the correct
spelling (e.g., `I\hbox'). Otherwise just continue,
and I'll forget about whatever was undefined.

c:/Users/sousou/Desktop/Book_Maths_Bac_Eco/examens/examen_blanc_1.tex:409: Undefined control sequence.
l.409 ...nerep\lignerep\lignerep\lignerep\lignerep
                                                  \lignerep\lignerep
The control sequence at the end of the top line
of your error message was never \def'ed. If you have
misspelled it (e.g., `\hobx'), type `I' and the correct
spelling (e.g., `I\hbox'). Otherwise just continue,
and I'll forget about whatever was undefined.

c:/Users/sousou/Desktop/Book_Maths_Bac_Eco/examens/examen_blanc_1.tex:409: Undefined control sequence.
l.409 ...nerep\lignerep\lignerep\lignerep\lignerep
                                                  \lignerep
The control sequence at the end of the top line
of your error message was never \def'ed. If you have
misspelled it (e.g., `\hobx'), type `I' and the correct
spelling (e.g., `I\hbox'). Otherwise just continue,
and I'll forget about whatever was undefined.

c:/Users/sousou/Desktop/Book_Maths_Bac_Eco/examens/examen_blanc_1.tex:409: Undefined control sequence.
l.409 ...nerep\lignerep\lignerep\lignerep\lignerep
                                                  
The control sequence at the end of the top line
of your error message was never \def'ed. If you have
misspelled it (e.g., `\hobx'), type `I' and the correct
spelling (e.g., `I\hbox'). Otherwise just continue,
and I'll forget about whatever was undefined.


Overfull \hbox (432.4818pt too wide) in paragraph at lines 403--410
[] 
 []

c:/Users/sousou/Desktop/Book_Maths_Bac_Eco/examens/examen_blanc_1.tex:414: Undefined control sequence.
l.414   \textcolor
                  {burgundy}{\textbf{1,25}} &
The control sequence at the end of the top line
of your error message was never \def'ed. If you have
misspelled it (e.g., `\hobx'), type `I' and the correct
spelling (e.g., `I\hbox'). Otherwise just continue,
and I'll forget about whatever was undefined.

Missing character: There is no b in font nullfont!
Missing character: There is no u in font nullfont!
Missing character: There is no r in font nullfont!
Missing character: There is no g in font nullfont!
Missing character: There is no u in font nullfont!
Missing character: There is no n in font nullfont!
Missing character: There is no d in font nullfont!
Missing character: There is no y in font nullfont!
Missing character: There is no C in font nullfont!
Missing character: There is no a in font nullfont!
Missing character: There is no l in font nullfont!
Missing character: There is no c in font nullfont!
Missing character: There is no u in font nullfont!
Missing character: There is no l in font nullfont!
Missing character: There is no e in font nullfont!
Missing character: There is no r in font nullfont!
Missing character: There is no l in font nullfont!
Missing character: There is no ' in font nullfont!
Missing character: There is no a in font nullfont!
Missing character: There is no i in font nullfont!
Missing character: There is no r in font nullfont!
Missing character: There is no e in font nullfont!
Missing character: There is no ( in font nullfont!
Missing character: There is no e in font nullfont!
Missing character: There is no n in font nullfont!
Missing character: There is no c in font nullfont!
Missing character: There is no m in font nullfont!
Missing character: There is no ) in font nullfont!
Missing character: There is no d in font nullfont!
Missing character: There is no u in font nullfont!
Missing character: There is no d in font nullfont!
Missing character: There is no o in font nullfont!
Missing character: There is no m in font nullfont!
Missing character: There is no a in font nullfont!
Missing character: There is no i in font nullfont!
Missing character: There is no n in font nullfont!
Missing character: There is no e in font nullfont!
Missing character: There is no d in font nullfont!
Missing character: There is no l in font nullfont!
Missing character: There is no i in font nullfont!
Missing character: There is no m in font nullfont!
Missing character: There is no i in font nullfont!
Missing character: There is no t in font nullfont!
Missing character: There is no p in font nullfont!
Missing character: There is no a in font nullfont!
Missing character: There is no r in font nullfont!
Missing character: There is no , in font nullfont!
Missing character: There is no l in font nullfont!
Missing character: There is no a in font nullfont!
Missing character: There is no d in font nullfont!
Missing character: There is no r in font nullfont!
Missing character: There is no o in font nullfont!
Missing character: There is no i in font nullfont!
Missing character: There is no t in font nullfont!
Missing character: There is no e in font nullfont!
Missing character: There is no e in font nullfont!
Missing character: There is no t in font nullfont!
Missing character: There is no l in font nullfont!
Missing character: There is no e in font nullfont!
Missing character: There is no s in font nullfont!
Missing character: There is no d in font nullfont!
Missing character: There is no r in font nullfont!
Missing character: There is no o in font nullfont!
Missing character: There is no i in font nullfont!
Missing character: There is no t in font nullfont!
Missing character: There is no e in font nullfont!
Missing character: There is no s in font nullfont!
c:/Users/sousou/Desktop/Book_Maths_Bac_Eco/examens/examen_blanc_1.tex:417: Undefined control sequence.
l.417   et les droites $x = -\dfrac
                                   {5}{2}$, $x = \dfrac{3}{2}$.
The control sequence at the end of the top line
of your error message was never \def'ed. If you have
misspelled it (e.g., `\hobx'), type `I' and the correct
spelling (e.g., `I\hbox'). Otherwise just continue,
and I'll forget about whatever was undefined.

Missing character: There is no , in font nullfont!
c:/Users/sousou/Desktop/Book_Maths_Bac_Eco/examens/examen_blanc_1.tex:417: Undefined control sequence.
l.417 ... droites $x = -\dfrac{5}{2}$, $x = \dfrac
                                                  {3}{2}$.
The control sequence at the end of the top line
of your error message was never \def'ed. If you have
misspelled it (e.g., `\hobx'), type `I' and the correct
spelling (e.g., `I\hbox'). Otherwise just continue,
and I'll forget about whatever was undefined.

Missing character: There is no . in font nullfont!
c:/Users/sousou/Desktop/Book_Maths_Bac_Eco/examens/examen_blanc_1.tex:419: Undefined control sequence.
l.419 \lignerep
               \lignerep\lignerep\lignerep\lignerep\lignerep\lignerep\ligner...
The control sequence at the end of the top line
of your error message was never \def'ed. If you have
misspelled it (e.g., `\hobx'), type `I' and the correct
spelling (e.g., `I\hbox'). Otherwise just continue,
and I'll forget about whatever was undefined.

c:/Users/sousou/Desktop/Book_Maths_Bac_Eco/examens/examen_blanc_1.tex:419: Undefined control sequence.
l.419 \lignerep\lignerep
                        \lignerep\lignerep\lignerep\lignerep\lignerep\ligner...
The control sequence at the end of the top line
of your error message was never \def'ed. If you have
misspelled it (e.g., `\hobx'), type `I' and the correct
spelling (e.g., `I\hbox'). Otherwise just continue,
and I'll forget about whatever was undefined.

c:/Users/sousou/Desktop/Book_Maths_Bac_Eco/examens/examen_blanc_1.tex:419: Undefined control sequence.
l.419 \lignerep\lignerep\lignerep
                                 \lignerep\lignerep\lignerep\lignerep\ligner...
The control sequence at the end of the top line
of your error message was never \def'ed. If you have
misspelled it (e.g., `\hobx'), type `I' and the correct
spelling (e.g., `I\hbox'). Otherwise just continue,
and I'll forget about whatever was undefined.

c:/Users/sousou/Desktop/Book_Maths_Bac_Eco/examens/examen_blanc_1.tex:419: Undefined control sequence.
l.419 \lignerep\lignerep\lignerep\lignerep
                                          \lignerep\lignerep\lignerep\ligner...
The control sequence at the end of the top line
of your error message was never \def'ed. If you have
misspelled it (e.g., `\hobx'), type `I' and the correct
spelling (e.g., `I\hbox'). Otherwise just continue,
and I'll forget about whatever was undefined.

c:/Users/sousou/Desktop/Book_Maths_Bac_Eco/examens/examen_blanc_1.tex:419: Undefined control sequence.
l.419 ...nerep\lignerep\lignerep\lignerep\lignerep
                                                  \lignerep\lignerep\lignere...
The control sequence at the end of the top line
of your error message was never \def'ed. If you have
misspelled it (e.g., `\hobx'), type `I' and the correct
spelling (e.g., `I\hbox'). Otherwise just continue,
and I'll forget about whatever was undefined.

c:/Users/sousou/Desktop/Book_Maths_Bac_Eco/examens/examen_blanc_1.tex:419: Undefined control sequence.
l.419 ...nerep\lignerep\lignerep\lignerep\lignerep
                                                  \lignerep\lignerep\lignere...
The control sequence at the end of the top line
of your error message was never \def'ed. If you have
misspelled it (e.g., `\hobx'), type `I' and the correct
spelling (e.g., `I\hbox'). Otherwise just continue,
and I'll forget about whatever was undefined.

c:/Users/sousou/Desktop/Book_Maths_Bac_Eco/examens/examen_blanc_1.tex:419: Undefined control sequence.
l.419 ...nerep\lignerep\lignerep\lignerep\lignerep
                                                  \lignerep\lignerep\lignere...
The control sequence at the end of the top line
of your error message was never \def'ed. If you have
misspelled it (e.g., `\hobx'), type `I' and the correct
spelling (e.g., `I\hbox'). Otherwise just continue,
and I'll forget about whatever was undefined.

c:/Users/sousou/Desktop/Book_Maths_Bac_Eco/examens/examen_blanc_1.tex:419: Undefined control sequence.
l.419 ...nerep\lignerep\lignerep\lignerep\lignerep
                                                  \lignerep\lignerep\lignere...
The control sequence at the end of the top line
of your error message was never \def'ed. If you have
misspelled it (e.g., `\hobx'), type `I' and the correct
spelling (e.g., `I\hbox'). Otherwise just continue,
and I'll forget about whatever was undefined.

c:/Users/sousou/Desktop/Book_Maths_Bac_Eco/examens/examen_blanc_1.tex:419: Undefined control sequence.
l.419 ...nerep\lignerep\lignerep\lignerep\lignerep
                                                  \lignerep\lignerep\lignerep
The control sequence at the end of the top line
of your error message was never \def'ed. If you have
misspelled it (e.g., `\hobx'), type `I' and the correct
spelling (e.g., `I\hbox'). Otherwise just continue,
and I'll forget about whatever was undefined.

c:/Users/sousou/Desktop/Book_Maths_Bac_Eco/examens/examen_blanc_1.tex:419: Undefined control sequence.
l.419 ...nerep\lignerep\lignerep\lignerep\lignerep
                                                  \lignerep\lignerep
The control sequence at the end of the top line
of your error message was never \def'ed. If you have
misspelled it (e.g., `\hobx'), type `I' and the correct
spelling (e.g., `I\hbox'). Otherwise just continue,
and I'll forget about whatever was undefined.

c:/Users/sousou/Desktop/Book_Maths_Bac_Eco/examens/examen_blanc_1.tex:419: Undefined control sequence.
l.419 ...nerep\lignerep\lignerep\lignerep\lignerep
                                                  \lignerep
The control sequence at the end of the top line
of your error message was never \def'ed. If you have
misspelled it (e.g., `\hobx'), type `I' and the correct
spelling (e.g., `I\hbox'). Otherwise just continue,
and I'll forget about whatever was undefined.

c:/Users/sousou/Desktop/Book_Maths_Bac_Eco/examens/examen_blanc_1.tex:419: Undefined control sequence.
l.419 ...nerep\lignerep\lignerep\lignerep\lignerep
                                                  
The control sequence at the end of the top line
of your error message was never \def'ed. If you have
misspelled it (e.g., `\hobx'), type `I' and the correct
spelling (e.g., `I\hbox'). Otherwise just continue,
and I'll forget about whatever was undefined.


Overfull \hbox (432.4818pt too wide) in paragraph at lines 412--420
[] 
 []


Overfull \hbox (20.0pt too wide) in paragraph at lines 421--421
[] 
 []


c:/Users/sousou/Desktop/Book_Maths_Bac_Eco/examens/examen_blanc_1.tex:422: LaTeX Error: Environment tikzpicture undefined.

See the LaTeX manual or LaTeX Companion for explanation.
Type  H <return>  for immediate help.
 ...                                              
                                                  
l.422 \begin{tikzpicture}
                         
Your command was ignored.
Type  I <command> <return>  to replace it with another command,
or  <return>  to continue without it.


c:/Users/sousou/Desktop/Book_Maths_Bac_Eco/examens/examen_blanc_1.tex:423: LaTeX Error: Environment axis undefined.

See the LaTeX manual or LaTeX Companion for explanation.
Type  H <return>  for immediate help.
 ...                                              
                                                  
l.423   \begin{axis}
                    [
Your command was ignored.
Type  I <command> <return>  to replace it with another command,
or  <return>  to continue without it.

Missing character: There is no [ in font nullfont!
Missing character: There is no a in font nullfont!
Missing character: There is no x in font nullfont!
Missing character: There is no i in font nullfont!
Missing character: There is no s in font nullfont!
Missing character: There is no l in font nullfont!
Missing character: There is no i in font nullfont!
Missing character: There is no n in font nullfont!
Missing character: There is no e in font nullfont!
Missing character: There is no s in font nullfont!
Missing character: There is no = in font nullfont!
Missing character: There is no c in font nullfont!
Missing character: There is no e in font nullfont!
Missing character: There is no n in font nullfont!
Missing character: There is no t in font nullfont!
Missing character: There is no e in font nullfont!
Missing character: There is no r in font nullfont!
Missing character: There is no , in font nullfont!
Missing character: There is no x in font nullfont!
Missing character: There is no l in font nullfont!
Missing character: There is no a in font nullfont!
Missing character: There is no b in font nullfont!
Missing character: There is no e in font nullfont!
Missing character: There is no l in font nullfont!
Missing character: There is no = in font nullfont!
Missing character: There is no , in font nullfont!
Missing character: There is no y in font nullfont!
Missing character: There is no l in font nullfont!
Missing character: There is no a in font nullfont!
Missing character: There is no b in font nullfont!
Missing character: There is no e in font nullfont!
Missing character: There is no l in font nullfont!
Missing character: There is no = in font nullfont!
Missing character: There is no , in font nullfont!
Missing character: There is no x in font nullfont!
Missing character: There is no m in font nullfont!
Missing character: There is no i in font nullfont!
Missing character: There is no n in font nullfont!
Missing character: There is no = in font nullfont!
Missing character: There is no - in font nullfont!
Missing character: There is no 5 in font nullfont!
Missing character: There is no . in font nullfont!
Missing character: There is no 5 in font nullfont!
Missing character: There is no , in font nullfont!
Missing character: There is no x in font nullfont!
Missing character: There is no m in font nullfont!
Missing character: There is no a in font nullfont!
Missing character: There is no x in font nullfont!
Missing character: There is no = in font nullfont!
Missing character: There is no 5 in font nullfont!
Missing character: There is no . in font nullfont!
Missing character: There is no 5 in font nullfont!
Missing character: There is no , in font nullfont!
Missing character: There is no y in font nullfont!
Missing character: There is no m in font nullfont!
Missing character: There is no i in font nullfont!
Missing character: There is no n in font nullfont!
Missing character: There is no = in font nullfont!
Missing character: There is no - in font nullfont!
Missing character: There is no 3 in font nullfont!
Missing character: There is no . in font nullfont!
Missing character: There is no 2 in font nullfont!
Missing character: There is no , in font nullfont!
Missing character: There is no y in font nullfont!
Missing character: There is no m in font nullfont!
Missing character: There is no a in font nullfont!
Missing character: There is no x in font nullfont!
Missing character: There is no = in font nullfont!
Missing character: There is no 6 in font nullfont!
Missing character: There is no , in font nullfont!
Missing character: There is no x in font nullfont!
Missing character: There is no t in font nullfont!
Missing character: There is no i in font nullfont!
Missing character: There is no c in font nullfont!
Missing character: There is no k in font nullfont!
Missing character: There is no = in font nullfont!
Missing character: There is no - in font nullfont!
Missing character: There is no 5 in font nullfont!
Missing character: There is no , in font nullfont!
Missing character: There is no - in font nullfont!
Missing character: There is no 4 in font nullfont!
Missing character: There is no , in font nullfont!
Missing character: There is no - in font nullfont!
Missing character: There is no 3 in font nullfont!
Missing character: There is no , in font nullfont!
Missing character: There is no - in font nullfont!
Missing character: There is no 2 in font nullfont!
Missing character: There is no , in font nullfont!
Missing character: There is no - in font nullfont!
Missing character: There is no 1 in font nullfont!
Missing character: There is no , in font nullfont!
Missing character: There is no 0 in font nullfont!
Missing character: There is no , in font nullfont!
Missing character: There is no 1 in font nullfont!
Missing character: There is no , in font nullfont!
Missing character: There is no 2 in font nullfont!
Missing character: There is no , in font nullfont!
Missing character: There is no 3 in font nullfont!
Missing character: There is no , in font nullfont!
Missing character: There is no 4 in font nullfont!
Missing character: There is no , in font nullfont!
Missing character: There is no 5 in font nullfont!
Missing character: There is no , in font nullfont!
Missing character: There is no y in font nullfont!
Missing character: There is no t in font nullfont!
Missing character: There is no i in font nullfont!
Missing character: There is no c in font nullfont!
Missing character: There is no k in font nullfont!
Missing character: There is no = in font nullfont!
Missing character: There is no - in font nullfont!
Missing character: There is no 3 in font nullfont!
Missing character: There is no , in font nullfont!
Missing character: There is no - in font nullfont!
Missing character: There is no 2 in font nullfont!
Missing character: There is no , in font nullfont!
Missing character: There is no - in font nullfont!
Missing character: There is no 1 in font nullfont!
Missing character: There is no , in font nullfont!
Missing character: There is no 0 in font nullfont!
Missing character: There is no , in font nullfont!
Missing character: There is no 1 in font nullfont!
Missing character: There is no , in font nullfont!
Missing character: There is no 2 in font nullfont!
Missing character: There is no , in font nullfont!
Missing character: There is no 3 in font nullfont!
Missing character: There is no , in font nullfont!
Missing character: There is no 4 in font nullfont!
Missing character: There is no , in font nullfont!
Missing character: There is no 5 in font nullfont!
Missing character: There is no , in font nullfont!
Missing character: There is no g in font nullfont!
Missing character: There is no r in font nullfont!
Missing character: There is no i in font nullfont!
Missing character: There is no d in font nullfont!
Missing character: There is no = in font nullfont!
Missing character: There is no b in font nullfont!
Missing character: There is no o in font nullfont!
Missing character: There is no t in font nullfont!
Missing character: There is no h in font nullfont!
Missing character: There is no , in font nullfont!
Missing character: There is no g in font nullfont!
Missing character: There is no r in font nullfont!
Missing character: There is no i in font nullfont!
Missing character: There is no d in font nullfont!
Missing character: There is no s in font nullfont!
Missing character: There is no t in font nullfont!
Missing character: There is no y in font nullfont!
Missing character: There is no l in font nullfont!
Missing character: There is no e in font nullfont!
Missing character: There is no = in font nullfont!
Missing character: There is no g in font nullfont!
Missing character: There is no r in font nullfont!
Missing character: There is no a in font nullfont!
Missing character: There is no y in font nullfont!
Missing character: There is no ! in font nullfont!
Missing character: There is no 2 in font nullfont!
Missing character: There is no 5 in font nullfont!
Missing character: There is no , in font nullfont!
Missing character: There is no w in font nullfont!
Missing character: There is no i in font nullfont!
Missing character: There is no d in font nullfont!
Missing character: There is no t in font nullfont!
Missing character: There is no h in font nullfont!
Missing character: There is no = in font nullfont!
Missing character: There is no 1 in font nullfont!
Missing character: There is no 3 in font nullfont!
Missing character: There is no c in font nullfont!
Missing character: There is no m in font nullfont!
Missing character: There is no , in font nullfont!
Missing character: There is no h in font nullfont!
Missing character: There is no e in font nullfont!
Missing character: There is no i in font nullfont!
Missing character: There is no g in font nullfont!
Missing character: There is no h in font nullfont!
Missing character: There is no t in font nullfont!
Missing character: There is no = in font nullfont!
Missing character: There is no 7 in font nullfont!
Missing character: There is no c in font nullfont!
Missing character: There is no m in font nullfont!
Missing character: There is no , in font nullfont!
Missing character: There is no t in font nullfont!
Missing character: There is no i in font nullfont!
Missing character: There is no c in font nullfont!
Missing character: There is no k in font nullfont!
Missing character: There is no l in font nullfont!
Missing character: There is no a in font nullfont!
Missing character: There is no b in font nullfont!
Missing character: There is no e in font nullfont!
Missing character: There is no l in font nullfont!
Missing character: There is no s in font nullfont!
Missing character: There is no t in font nullfont!
Missing character: There is no y in font nullfont!
Missing character: There is no l in font nullfont!
Missing character: There is no e in font nullfont!
Missing character: There is no = in font nullfont!
Missing character: There is no f in font nullfont!
Missing character: There is no o in font nullfont!
Missing character: There is no n in font nullfont!
Missing character: There is no t in font nullfont!
Missing character: There is no = in font nullfont!
c:/Users/sousou/Desktop/Book_Maths_Bac_Eco/examens/examen_blanc_1.tex:430: Undefined control sequence.
l.430     tick label style={font=\small
                                       },
The control sequence at the end of the top line
of your error message was never \def'ed. If you have
misspelled it (e.g., `\hobx'), type `I' and the correct
spelling (e.g., `I\hbox'). Otherwise just continue,
and I'll forget about whatever was undefined.

Missing character: There is no , in font nullfont!
Missing character: There is no r in font nullfont!
Missing character: There is no e in font nullfont!
Missing character: There is no s in font nullfont!
Missing character: There is no t in font nullfont!
Missing character: There is no r in font nullfont!
Missing character: There is no i in font nullfont!
Missing character: There is no c in font nullfont!
Missing character: There is no t in font nullfont!
Missing character: There is no y in font nullfont!
Missing character: There is no t in font nullfont!
Missing character: There is no o in font nullfont!
Missing character: There is no d in font nullfont!
Missing character: There is no o in font nullfont!
Missing character: There is no m in font nullfont!
Missing character: There is no a in font nullfont!
Missing character: There is no i in font nullfont!
Missing character: There is no n in font nullfont!
Missing character: There is no = in font nullfont!
Missing character: There is no - in font nullfont!
Missing character: There is no 3 in font nullfont!
Missing character: There is no . in font nullfont!
Missing character: There is no 5 in font nullfont!
Missing character: There is no : in font nullfont!
Missing character: There is no 6 in font nullfont!
Missing character: There is no . in font nullfont!
Missing character: There is no 5 in font nullfont!
Missing character: There is no , in font nullfont!
Missing character: There is no ] in font nullfont!
c:/Users/sousou/Desktop/Book_Maths_Bac_Eco/examens/examen_blanc_1.tex:433: Undefined control sequence.
l.433     \addplot
                  [forest, very thick, domain=-5.2:3, samples=300]
The control sequence at the end of the top line
of your error message was never \def'ed. If you have
misspelled it (e.g., `\hobx'), type `I' and the correct
spelling (e.g., `I\hbox'). Otherwise just continue,
and I'll forget about whatever was undefined.

Missing character: There is no [ in font nullfont!
Missing character: There is no f in font nullfont!
Missing character: There is no o in font nullfont!
Missing character: There is no r in font nullfont!
Missing character: There is no e in font nullfont!
Missing character: There is no s in font nullfont!
Missing character: There is no t in font nullfont!
Missing character: There is no , in font nullfont!
Missing character: There is no v in font nullfont!
Missing character: There is no e in font nullfont!
Missing character: There is no r in font nullfont!
Missing character: There is no y in font nullfont!
Missing character: There is no t in font nullfont!
Missing character: There is no h in font nullfont!
Missing character: There is no i in font nullfont!
Missing character: There is no c in font nullfont!
Missing character: There is no k in font nullfont!
Missing character: There is no , in font nullfont!
Missing character: There is no d in font nullfont!
Missing character: There is no o in font nullfont!
Missing character: There is no m in font nullfont!
Missing character: There is no a in font nullfont!
Missing character: There is no i in font nullfont!
Missing character: There is no n in font nullfont!
Missing character: There is no = in font nullfont!
Missing character: There is no - in font nullfont!
Missing character: There is no 5 in font nullfont!
Missing character: There is no . in font nullfont!
Missing character: There is no 2 in font nullfont!
Missing character: There is no : in font nullfont!
Missing character: There is no 3 in font nullfont!
Missing character: There is no , in font nullfont!
Missing character: There is no s in font nullfont!
Missing character: There is no a in font nullfont!
Missing character: There is no m in font nullfont!
Missing character: There is no p in font nullfont!
Missing character: There is no l in font nullfont!
Missing character: There is no e in font nullfont!
Missing character: There is no s in font nullfont!
Missing character: There is no = in font nullfont!
Missing character: There is no 3 in font nullfont!
Missing character: There is no 0 in font nullfont!
Missing character: There is no 0 in font nullfont!
Missing character: There is no ] in font nullfont!
Missing character: There is no ( in font nullfont!
Missing character: There is no 1 in font nullfont!
Missing character: There is no - in font nullfont!
Missing character: There is no x in font nullfont!
Missing character: There is no ) in font nullfont!
c:/Users/sousou/Desktop/Book_Maths_Bac_Eco/examens/examen_blanc_1.tex:434: Missing $ inserted.
<inserted text> 
                $
l.434       {(1-x)^
                   2 * exp(x)};
I've inserted a begin-math/end-math symbol since I think
you left one out. Proceed, with fingers crossed.

c:/Users/sousou/Desktop/Book_Maths_Bac_Eco/examens/examen_blanc_1.tex:434: Extra }, or forgotten $.
l.434       {(1-x)^2 * exp(x)}
                              ;
I've deleted a group-closing symbol because it seems to be
spurious, as in `$x}$'. But perhaps the } is legitimate and
you forgot something else, as in `\hbox{$x}'. In such cases
the way to recover is to insert both the forgotten and the
deleted material, e.g., by typing `I$}'.

c:/Users/sousou/Desktop/Book_Maths_Bac_Eco/examens/examen_blanc_1.tex:435: Undefined control sequence.
l.435     \node
               [right, color=forest, font=\small\bfseries] at (axis cs:2.3,3)
The control sequence at the end of the top line
of your error message was never \def'ed. If you have
misspelled it (e.g., `\hobx'), type `I' and the correct
spelling (e.g., `I\hbox'). Otherwise just continue,
and I'll forget about whatever was undefined.

c:/Users/sousou/Desktop/Book_Maths_Bac_Eco/examens/examen_blanc_1.tex:435: Undefined control sequence.
l.435     \node[right, color=forest, font=\small
                                                \bfseries] at (axis cs:2.3,3)
The control sequence at the end of the top line
of your error message was never \def'ed. If you have
misspelled it (e.g., `\hobx'), type `I' and the correct
spelling (e.g., `I\hbox'). Otherwise just continue,
and I'll forget about whatever was undefined.


c:/Users/sousou/Desktop/Book_Maths_Bac_Eco/examens/examen_blanc_1.tex:435: LaTeX Error: Command \bfseries invalid in math mode.

See the LaTeX manual or LaTeX Companion for explanation.
Type  H <return>  for immediate help.
 ...                                              
                                                  
l.435 ...right, color=forest, font=\small\bfseries
                                                  ] at (axis cs:2.3,3)
Please use the math alphabet \mathbf instead of the \bfseries command. 

c:/Users/sousou/Desktop/Book_Maths_Bac_Eco/examens/examen_blanc_1.tex:436: Missing } inserted.
<inserted text> 
                }
l.436       {$
              (\mathcal{C}_f)$};
I've inserted something that you may have forgotten.
(See the <inserted text> above.)
With luck, this will get me unwedged. But if you
really didn't forget anything, try typing `2' now; then
my insertion and my current dilemma will both disappear.

Missing character: There is no ( in font nullfont!

c:/Users/sousou/Desktop/Book_Maths_Bac_Eco/examens/examen_blanc_1.tex:436: LaTeX Error: \mathcal allowed only in math mode.

See the LaTeX manual or LaTeX Companion for explanation.
Type  H <return>  for immediate help.
 ...                                              
                                                  
l.436       {$(\mathcal
                       {C}_f)$};
You're in trouble here.  Try typing  <return>  to proceed.
If that doesn't work, type  X <return>  to quit.

Missing character: There is no C in font nullfont!
c:/Users/sousou/Desktop/Book_Maths_Bac_Eco/examens/examen_blanc_1.tex:436: Missing $ inserted.
<inserted text> 
                $
l.436       {$(\mathcal{C}_
                           f)$};
I've inserted a begin-math/end-math symbol since I think
you left one out. Proceed, with fingers crossed.

Missing character: There is no ; in font nullfont!
c:/Users/sousou/Desktop/Book_Maths_Bac_Eco/examens/examen_blanc_1.tex:437: Undefined control sequence.
l.437     \addplot
                  [burgundy, thick, dashed, domain=-5.5:5.5] {1};
The control sequence at the end of the top line
of your error message was never \def'ed. If you have
misspelled it (e.g., `\hobx'), type `I' and the correct
spelling (e.g., `I\hbox'). Otherwise just continue,
and I'll forget about whatever was undefined.

Missing character: There is no [ in font nullfont!
Missing character: There is no b in font nullfont!
Missing character: There is no u in font nullfont!
Missing character: There is no r in font nullfont!
Missing character: There is no g in font nullfont!
Missing character: There is no u in font nullfont!
Missing character: There is no n in font nullfont!
Missing character: There is no d in font nullfont!
Missing character: There is no y in font nullfont!
Missing character: There is no , in font nullfont!
Missing character: There is no t in font nullfont!
Missing character: There is no h in font nullfont!
Missing character: There is no i in font nullfont!
Missing character: There is no c in font nullfont!
Missing character: There is no k in font nullfont!
Missing character: There is no , in font nullfont!
Missing character: There is no d in font nullfont!
Missing character: There is no a in font nullfont!
Missing character: There is no s in font nullfont!
Missing character: There is no h in font nullfont!
Missing character: There is no e in font nullfont!
Missing character: There is no d in font nullfont!
Missing character: There is no , in font nullfont!
Missing character: There is no d in font nullfont!
Missing character: There is no o in font nullfont!
Missing character: There is no m in font nullfont!
Missing character: There is no a in font nullfont!
Missing character: There is no i in font nullfont!
Missing character: There is no n in font nullfont!
Missing character: There is no = in font nullfont!
Missing character: There is no - in font nullfont!
Missing character: There is no 5 in font nullfont!
Missing character: There is no . in font nullfont!
Missing character: There is no 5 in font nullfont!
Missing character: There is no : in font nullfont!
Missing character: There is no 5 in font nullfont!
Missing character: There is no . in font nullfont!
Missing character: There is no 5 in font nullfont!
Missing character: There is no ] in font nullfont!
Missing character: There is no 1 in font nullfont!
Missing character: There is no ; in font nullfont!
c:/Users/sousou/Desktop/Book_Maths_Bac_Eco/examens/examen_blanc_1.tex:438: Undefined control sequence.
l.438     \node
               [right, burgundy, font=\small] at (axis cs:3.5,1) {$y=1$};
The control sequence at the end of the top line
of your error message was never \def'ed. If you have
misspelled it (e.g., `\hobx'), type `I' and the correct
spelling (e.g., `I\hbox'). Otherwise just continue,
and I'll forget about whatever was undefined.

Missing character: There is no [ in font nullfont!
Missing character: There is no r in font nullfont!
Missing character: There is no i in font nullfont!
Missing character: There is no g in font nullfont!
Missing character: There is no h in font nullfont!
Missing character: There is no t in font nullfont!
Missing character: There is no , in font nullfont!
Missing character: There is no b in font nullfont!
Missing character: There is no u in font nullfont!
Missing character: There is no r in font nullfont!
Missing character: There is no g in font nullfont!
Missing character: There is no u in font nullfont!
Missing character: There is no n in font nullfont!
Missing character: There is no d in font nullfont!
Missing character: There is no y in font nullfont!
Missing character: There is no , in font nullfont!
Missing character: There is no f in font nullfont!
Missing character: There is no o in font nullfont!
Missing character: There is no n in font nullfont!
Missing character: There is no t in font nullfont!
Missing character: There is no = in font nullfont!
c:/Users/sousou/Desktop/Book_Maths_Bac_Eco/examens/examen_blanc_1.tex:438: Undefined control sequence.
l.438     \node[right, burgundy, font=\small
                                            ] at (axis cs:3.5,1) {$y=1$};
The control sequence at the end of the top line
of your error message was never \def'ed. If you have
misspelled it (e.g., `\hobx'), type `I' and the correct
spelling (e.g., `I\hbox'). Otherwise just continue,
and I'll forget about whatever was undefined.

Missing character: There is no ] in font nullfont!
Missing character: There is no a in font nullfont!
Missing character: There is no t in font nullfont!
Missing character: There is no ( in font nullfont!
Missing character: There is no a in font nullfont!
Missing character: There is no x in font nullfont!
Missing character: There is no i in font nullfont!
Missing character: There is no s in font nullfont!
Missing character: There is no c in font nullfont!
Missing character: There is no s in font nullfont!
Missing character: There is no : in font nullfont!
Missing character: There is no 3 in font nullfont!
Missing character: There is no . in font nullfont!
Missing character: There is no 5 in font nullfont!
Missing character: There is no , in font nullfont!
Missing character: There is no 1 in font nullfont!
Missing character: There is no ) in font nullfont!
Missing character: There is no ; in font nullfont!
c:/Users/sousou/Desktop/Book_Maths_Bac_Eco/examens/examen_blanc_1.tex:439: Undefined control sequence.
l.439     \addplot
                  [navy, thick, dashed]
The control sequence at the end of the top line
of your error message was never \def'ed. If you have
misspelled it (e.g., `\hobx'), type `I' and the correct
spelling (e.g., `I\hbox'). Otherwise just continue,
and I'll forget about whatever was undefined.

Missing character: There is no [ in font nullfont!
Missing character: There is no n in font nullfont!
Missing character: There is no a in font nullfont!
Missing character: There is no v in font nullfont!
Missing character: There is no y in font nullfont!
Missing character: There is no , in font nullfont!
Missing character: There is no t in font nullfont!
Missing character: There is no h in font nullfont!
Missing character: There is no i in font nullfont!
Missing character: There is no c in font nullfont!
Missing character: There is no k in font nullfont!
Missing character: There is no , in font nullfont!
Missing character: There is no d in font nullfont!
Missing character: There is no a in font nullfont!
Missing character: There is no s in font nullfont!
Missing character: There is no h in font nullfont!
Missing character: There is no e in font nullfont!
Missing character: There is no d in font nullfont!
Missing character: There is no ] in font nullfont!
Missing character: There is no c in font nullfont!
Missing character: There is no o in font nullfont!
Missing character: There is no o in font nullfont!
Missing character: There is no r in font nullfont!
Missing character: There is no d in font nullfont!
Missing character: There is no i in font nullfont!
Missing character: There is no n in font nullfont!
Missing character: There is no a in font nullfont!
Missing character: There is no t in font nullfont!
Missing character: There is no e in font nullfont!
Missing character: There is no s in font nullfont!
Missing character: There is no ( in font nullfont!
Missing character: There is no - in font nullfont!
Missing character: There is no 2 in font nullfont!
Missing character: There is no . in font nullfont!
Missing character: There is no 5 in font nullfont!
Missing character: There is no , in font nullfont!
Missing character: There is no - in font nullfont!
Missing character: There is no 3 in font nullfont!
Missing character: There is no . in font nullfont!
Missing character: There is no 2 in font nullfont!
Missing character: There is no ) in font nullfont!
Missing character: There is no ( in font nullfont!
Missing character: There is no - in font nullfont!
Missing character: There is no 2 in font nullfont!
Missing character: There is no . in font nullfont!
Missing character: There is no 5 in font nullfont!
Missing character: There is no , in font nullfont!
Missing character: There is no 6 in font nullfont!
Missing character: There is no ) in font nullfont!
Missing character: There is no ; in font nullfont!
c:/Users/sousou/Desktop/Book_Maths_Bac_Eco/examens/examen_blanc_1.tex:441: Undefined control sequence.
l.441     \node
               [below, navy, font=\small] at (axis cs:-2.5,-3.2)
The control sequence at the end of the top line
of your error message was never \def'ed. If you have
misspelled it (e.g., `\hobx'), type `I' and the correct
spelling (e.g., `I\hbox'). Otherwise just continue,
and I'll forget about whatever was undefined.

Missing character: There is no [ in font nullfont!
Missing character: There is no b in font nullfont!
Missing character: There is no e in font nullfont!
Missing character: There is no l in font nullfont!
Missing character: There is no o in font nullfont!
Missing character: There is no w in font nullfont!
Missing character: There is no , in font nullfont!
Missing character: There is no n in font nullfont!
Missing character: There is no a in font nullfont!
Missing character: There is no v in font nullfont!
Missing character: There is no y in font nullfont!
Missing character: There is no , in font nullfont!
Missing character: There is no f in font nullfont!
Missing character: There is no o in font nullfont!
Missing character: There is no n in font nullfont!
Missing character: There is no t in font nullfont!
Missing character: There is no = in font nullfont!
c:/Users/sousou/Desktop/Book_Maths_Bac_Eco/examens/examen_blanc_1.tex:441: Undefined control sequence.
l.441     \node[below, navy, font=\small
                                        ] at (axis cs:-2.5,-3.2)
The control sequence at the end of the top line
of your error message was never \def'ed. If you have
misspelled it (e.g., `\hobx'), type `I' and the correct
spelling (e.g., `I\hbox'). Otherwise just continue,
and I'll forget about whatever was undefined.

Missing character: There is no ] in font nullfont!
Missing character: There is no a in font nullfont!
Missing character: There is no t in font nullfont!
Missing character: There is no ( in font nullfont!
Missing character: There is no a in font nullfont!
Missing character: There is no x in font nullfont!
Missing character: There is no i in font nullfont!
Missing character: There is no s in font nullfont!
Missing character: There is no c in font nullfont!
Missing character: There is no s in font nullfont!
Missing character: There is no : in font nullfont!
Missing character: There is no - in font nullfont!
Missing character: There is no 2 in font nullfont!
Missing character: There is no . in font nullfont!
Missing character: There is no 5 in font nullfont!
Missing character: There is no , in font nullfont!
Missing character: There is no - in font nullfont!
Missing character: There is no 3 in font nullfont!
Missing character: There is no . in font nullfont!
Missing character: There is no 2 in font nullfont!
Missing character: There is no ) in font nullfont!
c:/Users/sousou/Desktop/Book_Maths_Bac_Eco/examens/examen_blanc_1.tex:442: Undefined control sequence.
l.442       {$x{=}{-}\dfrac
                           {5}{2}$};
The control sequence at the end of the top line
of your error message was never \def'ed. If you have
misspelled it (e.g., `\hobx'), type `I' and the correct
spelling (e.g., `I\hbox'). Otherwise just continue,
and I'll forget about whatever was undefined.

Missing character: There is no ; in font nullfont!
c:/Users/sousou/Desktop/Book_Maths_Bac_Eco/examens/examen_blanc_1.tex:443: Undefined control sequence.
l.443     \addplot
                  [navy, thick, dashed]
The control sequence at the end of the top line
of your error message was never \def'ed. If you have
misspelled it (e.g., `\hobx'), type `I' and the correct
spelling (e.g., `I\hbox'). Otherwise just continue,
and I'll forget about whatever was undefined.

Missing character: There is no [ in font nullfont!
Missing character: There is no n in font nullfont!
Missing character: There is no a in font nullfont!
Missing character: There is no v in font nullfont!
Missing character: There is no y in font nullfont!
Missing character: There is no , in font nullfont!
Missing character: There is no t in font nullfont!
Missing character: There is no h in font nullfont!
Missing character: There is no i in font nullfont!
Missing character: There is no c in font nullfont!
Missing character: There is no k in font nullfont!
Missing character: There is no , in font nullfont!
Missing character: There is no d in font nullfont!
Missing character: There is no a in font nullfont!
Missing character: There is no s in font nullfont!
Missing character: There is no h in font nullfont!
Missing character: There is no e in font nullfont!
Missing character: There is no d in font nullfont!
Missing character: There is no ] in font nullfont!
Missing character: There is no c in font nullfont!
Missing character: There is no o in font nullfont!
Missing character: There is no o in font nullfont!
Missing character: There is no r in font nullfont!
Missing character: There is no d in font nullfont!
Missing character: There is no i in font nullfont!
Missing character: There is no n in font nullfont!
Missing character: There is no a in font nullfont!
Missing character: There is no t in font nullfont!
Missing character: There is no e in font nullfont!
Missing character: There is no s in font nullfont!
Missing character: There is no ( in font nullfont!
Missing character: There is no 1 in font nullfont!
Missing character: There is no . in font nullfont!
Missing character: There is no 5 in font nullfont!
Missing character: There is no , in font nullfont!
Missing character: There is no - in font nullfont!
Missing character: There is no 3 in font nullfont!
Missing character: There is no . in font nullfont!
Missing character: There is no 2 in font nullfont!
Missing character: There is no ) in font nullfont!
Missing character: There is no ( in font nullfont!
Missing character: There is no 1 in font nullfont!
Missing character: There is no . in font nullfont!
Missing character: There is no 5 in font nullfont!
Missing character: There is no , in font nullfont!
Missing character: There is no 6 in font nullfont!
Missing character: There is no ) in font nullfont!
Missing character: There is no ; in font nullfont!
c:/Users/sousou/Desktop/Book_Maths_Bac_Eco/examens/examen_blanc_1.tex:445: Undefined control sequence.
l.445     \node
               [below, navy, font=\small] at (axis cs:1.5,-3.2)
The control sequence at the end of the top line
of your error message was never \def'ed. If you have
misspelled it (e.g., `\hobx'), type `I' and the correct
spelling (e.g., `I\hbox'). Otherwise just continue,
and I'll forget about whatever was undefined.

Missing character: There is no [ in font nullfont!
Missing character: There is no b in font nullfont!
Missing character: There is no e in font nullfont!
Missing character: There is no l in font nullfont!
Missing character: There is no o in font nullfont!
Missing character: There is no w in font nullfont!
Missing character: There is no , in font nullfont!
Missing character: There is no n in font nullfont!
Missing character: There is no a in font nullfont!
Missing character: There is no v in font nullfont!
Missing character: There is no y in font nullfont!
Missing character: There is no , in font nullfont!
Missing character: There is no f in font nullfont!
Missing character: There is no o in font nullfont!
Missing character: There is no n in font nullfont!
Missing character: There is no t in font nullfont!
Missing character: There is no = in font nullfont!
c:/Users/sousou/Desktop/Book_Maths_Bac_Eco/examens/examen_blanc_1.tex:445: Undefined control sequence.
l.445     \node[below, navy, font=\small
                                        ] at (axis cs:1.5,-3.2)
The control sequence at the end of the top line
of your error message was never \def'ed. If you have
misspelled it (e.g., `\hobx'), type `I' and the correct
spelling (e.g., `I\hbox'). Otherwise just continue,
and I'll forget about whatever was undefined.

Missing character: There is no ] in font nullfont!
Missing character: There is no a in font nullfont!
Missing character: There is no t in font nullfont!
Missing character: There is no ( in font nullfont!
Missing character: There is no a in font nullfont!
Missing character: There is no x in font nullfont!
Missing character: There is no i in font nullfont!
Missing character: There is no s in font nullfont!
Missing character: There is no c in font nullfont!
Missing character: There is no s in font nullfont!
Missing character: There is no : in font nullfont!
Missing character: There is no 1 in font nullfont!
Missing character: There is no . in font nullfont!
Missing character: There is no 5 in font nullfont!
Missing character: There is no , in font nullfont!
Missing character: There is no - in font nullfont!
Missing character: There is no 3 in font nullfont!
Missing character: There is no . in font nullfont!
Missing character: There is no 2 in font nullfont!
Missing character: There is no ) in font nullfont!
c:/Users/sousou/Desktop/Book_Maths_Bac_Eco/examens/examen_blanc_1.tex:446: Undefined control sequence.
l.446       {$x{=}\dfrac
                        {3}{2}$};
The control sequence at the end of the top line
of your error message was never \def'ed. If you have
misspelled it (e.g., `\hobx'), type `I' and the correct
spelling (e.g., `I\hbox'). Otherwise just continue,
and I'll forget about whatever was undefined.

Missing character: There is no ; in font nullfont!
c:/Users/sousou/Desktop/Book_Maths_Bac_Eco/examens/examen_blanc_1.tex:447: Undefined control sequence.
l.447     \addplot
                  [fill=navy!15, draw=none, domain=-2.5:1.5, samples=200]
The control sequence at the end of the top line
of your error message was never \def'ed. If you have
misspelled it (e.g., `\hobx'), type `I' and the correct
spelling (e.g., `I\hbox'). Otherwise just continue,
and I'll forget about whatever was undefined.

Missing character: There is no [ in font nullfont!
Missing character: There is no f in font nullfont!
Missing character: There is no i in font nullfont!
Missing character: There is no l in font nullfont!
Missing character: There is no l in font nullfont!
Missing character: There is no = in font nullfont!
Missing character: There is no n in font nullfont!
Missing character: There is no a in font nullfont!
Missing character: There is no v in font nullfont!
Missing character: There is no y in font nullfont!
Missing character: There is no ! in font nullfont!
Missing character: There is no 1 in font nullfont!
Missing character: There is no 5 in font nullfont!
Missing character: There is no , in font nullfont!
Missing character: There is no d in font nullfont!
Missing character: There is no r in font nullfont!
Missing character: There is no a in font nullfont!
Missing character: There is no w in font nullfont!
Missing character: There is no = in font nullfont!
Missing character: There is no n in font nullfont!
Missing character: There is no o in font nullfont!
Missing character: There is no n in font nullfont!
Missing character: There is no e in font nullfont!
Missing character: There is no , in font nullfont!
Missing character: There is no d in font nullfont!
Missing character: There is no o in font nullfont!
Missing character: There is no m in font nullfont!
Missing character: There is no a in font nullfont!
Missing character: There is no i in font nullfont!
Missing character: There is no n in font nullfont!
Missing character: There is no = in font nullfont!
Missing character: There is no - in font nullfont!
Missing character: There is no 2 in font nullfont!
Missing character: There is no . in font nullfont!
Missing character: There is no 5 in font nullfont!
Missing character: There is no : in font nullfont!
Missing character: There is no 1 in font nullfont!
Missing character: There is no . in font nullfont!
Missing character: There is no 5 in font nullfont!
Missing character: There is no , in font nullfont!
Missing character: There is no s in font nullfont!
Missing character: There is no a in font nullfont!
Missing character: There is no m in font nullfont!
Missing character: There is no p in font nullfont!
Missing character: There is no l in font nullfont!
Missing character: There is no e in font nullfont!
Missing character: There is no s in font nullfont!
Missing character: There is no = in font nullfont!
Missing character: There is no 2 in font nullfont!
Missing character: There is no 0 in font nullfont!
Missing character: There is no 0 in font nullfont!
Missing character: There is no ] in font nullfont!
Missing character: There is no m in font nullfont!
Missing character: There is no i in font nullfont!
Missing character: There is no n in font nullfont!
Missing character: There is no ( in font nullfont!
Missing character: There is no ( in font nullfont!
Missing character: There is no 1 in font nullfont!
Missing character: There is no - in font nullfont!
Missing character: There is no x in font nullfont!
Missing character: There is no ) in font nullfont!
c:/Users/sousou/Desktop/Book_Maths_Bac_Eco/examens/examen_blanc_1.tex:448: Missing $ inserted.
<inserted text> 
                $
l.448       {min((1-x)^
                       2 * exp(x), 1)} \closedcycle;
I've inserted a begin-math/end-math symbol since I think
you left one out. Proceed, with fingers crossed.

c:/Users/sousou/Desktop/Book_Maths_Bac_Eco/examens/examen_blanc_1.tex:448: Extra }, or forgotten $.
l.448       {min((1-x)^2 * exp(x), 1)}
                                       \closedcycle;
I've deleted a group-closing symbol because it seems to be
spurious, as in `$x}$'. But perhaps the } is legitimate and
you forgot something else, as in `\hbox{$x}'. In such cases
the way to recover is to insert both the forgotten and the
deleted material, e.g., by typing `I$}'.

c:/Users/sousou/Desktop/Book_Maths_Bac_Eco/examens/examen_blanc_1.tex:448: Undefined control sequence.
l.448 ...  {min((1-x)^2 * exp(x), 1)} \closedcycle
                                                  ;
The control sequence at the end of the top line
of your error message was never \def'ed. If you have
misspelled it (e.g., `\hobx'), type `I' and the correct
spelling (e.g., `I\hbox'). Otherwise just continue,
and I'll forget about whatever was undefined.

c:/Users/sousou/Desktop/Book_Maths_Bac_Eco/examens/examen_blanc_1.tex:449: Undefined control sequence.
l.449     \addplot
                  [fill=white, draw=none, domain=-2.5:1.5, samples=200]
The control sequence at the end of the top line
of your error message was never \def'ed. If you have
misspelled it (e.g., `\hobx'), type `I' and the correct
spelling (e.g., `I\hbox'). Otherwise just continue,
and I'll forget about whatever was undefined.

c:/Users/sousou/Desktop/Book_Maths_Bac_Eco/examens/examen_blanc_1.tex:450: Undefined control sequence.
l.450 ...(min((1-x)^2 * exp(x),1),0)} \closedcycle
                                                  ;
The control sequence at the end of the top line
of your error message was never \def'ed. If you have
misspelled it (e.g., `\hobx'), type `I' and the correct
spelling (e.g., `I\hbox'). Otherwise just continue,
and I'll forget about whatever was undefined.


c:/Users/sousou/Desktop/Book_Maths_Bac_Eco/examens/examen_blanc_1.tex:451: LaTeX Error: \begin{center} on input line 421 ended by \end{axis}.

See the LaTeX manual or LaTeX Companion for explanation.
Type  H <return>  for immediate help.
 ...                                              
                                                  
l.451   \end{axis}
                  
Your command was ignored.
Type  I <command> <return>  to replace it with another command,
or  <return>  to continue without it.

c:/Users/sousou/Desktop/Book_Maths_Bac_Eco/examens/examen_blanc_1.tex:451: Missing $ inserted.
<inserted text> 
                $
l.451   \end{axis}
                  
I've inserted something that you may have forgotten.
(See the <inserted text> above.)
With luck, this will get me unwedged. But if you
really didn't forget anything, try typing `2' now; then
my insertion and my current dilemma will both disappear.

c:/Users/sousou/Desktop/Book_Maths_Bac_Eco/examens/examen_blanc_1.tex:451: Missing } inserted.
<inserted text> 
                }
l.451   \end{axis}
                  
I've inserted something that you may have forgotten.
(See the <inserted text> above.)
With luck, this will get me unwedged. But if you
really didn't forget anything, try typing `2' now; then
my insertion and my current dilemma will both disappear.


c:/Users/sousou/Desktop/Book_Maths_Bac_Eco/examens/examen_blanc_1.tex:452: LaTeX Error: \begin{center} on input line 421 ended by \end{tikzpicture}.

See the LaTeX manual or LaTeX Companion for explanation.
Type  H <return>  for immediate help.
 ...                                              
                                                  
l.452 \end{tikzpicture}
                       
Your command was ignored.
Type  I <command> <return>  to replace it with another command,
or  <return>  to continue without it.


Overfull \hbox (9.48615pt too wide) in paragraph at lines 423--453
 [] \OMS/cmsy/m/n/10 ^^C 
 []


Overfull \hbox (95.8456pt too wide) in paragraph at lines 423--453
 \OML/cmm/m/it/10 exp\/cmr/m/n/10 (\OML/cmm/m/it/10 x\/cmr/m/n/10 ); [\OML/cmm/m/it/10 right; color \/cmr/m/n/10 = 
 []


Overfull \hbox (63.99661pt too wide) in paragraph at lines 423--453
 \OML/cmm/m/it/10 forest; font \/cmr/m/n/10 = 
 []


Overfull \hbox (49.26804pt too wide) in paragraph at lines 423--453
 \/cmr/m/n/10 ]\OML/cmm/m/it/10 at\/cmr/m/n/10 (\OML/cmm/m/it/10 axiscs \/cmr/m/n/10 : 
 []


Overfull \hbox (35.18413pt too wide) in paragraph at lines 423--453
 \/cmr/m/n/10 2\OML/cmm/m/it/10 :\/cmr/m/n/10 3\OML/cmm/m/it/10 ; \/cmr/m/n/10 3)[]$$[])$ 
 []


Overfull \hbox (15.81711pt too wide) in paragraph at lines 423--453
 \OML/cmm/m/it/10 y \/cmr/m/n/10 = 
 []


Overfull \hbox (5.00002pt too wide) in paragraph at lines 423--453
 \/cmr/m/n/10 1$ 
 []


Overfull \hbox (31.2709pt too wide) in paragraph at lines 423--453
 \OML/cmm/m/it/10 x[][]\/cmr/m/n/10 52$ 
 []


Overfull \hbox (23.4931pt too wide) in paragraph at lines 423--453
 \OML/cmm/m/it/10 x[]\/cmr/m/n/10 32$ 
 []


Overfull \hbox (9.48615pt too wide) in paragraph at lines 423--453
 [] \OMS/cmsy/m/n/10 ^^C 
 []


Overfull \hbox (75.78543pt too wide) in paragraph at lines 423--453
 \OML/cmm/m/it/10 exp\/cmr/m/n/10 (\OML/cmm/m/it/10 x\/cmr/m/n/10 )\OML/cmm/m/it/10 ; \/cmr/m/n/10 1); [\OML/cmm/m/it/10 fill \/cmr/m/n/10 = 
 []


Overfull \hbox (62.61064pt too wide) in paragraph at lines 423--453
 \OML/cmm/m/it/10 white; draw \/cmr/m/n/10 = 
 []


Overfull \hbox (70.07372pt too wide) in paragraph at lines 423--453
 \OML/cmm/m/it/10 none; domain \/cmr/m/n/10 = 
 []


Overfull \hbox (26.11111pt too wide) in paragraph at lines 423--453
 \OMS/cmsy/m/n/10 ^^@\/cmr/m/n/10 2\OML/cmm/m/it/10 :\/cmr/m/n/10 5 : 
 []


Overfull \hbox (64.08685pt too wide) in paragraph at lines 423--453
 \/cmr/m/n/10 1\OML/cmm/m/it/10 :\/cmr/m/n/10 5\OML/cmm/m/it/10 ; samples \/cmr/m/n/10 = 
 []


Overfull \hbox (164.99687pt too wide) in paragraph at lines 423--453
 \/cmr/m/n/10 200][];$ 
 []


Overfull \hbox (20.0pt too wide) in paragraph at lines 455--455
[] 
 []

c:/Users/sousou/Desktop/Book_Maths_Bac_Eco/examens/examen_blanc_1.tex:456: Undefined control sequence.
l.456   \color
              {charcoal}\rule{5cm}{0.4pt}\\[3pt]
The control sequence at the end of the top line
of your error message was never \def'ed. If you have
misspelled it (e.g., `\hobx'), type `I' and the correct
spelling (e.g., `I\hbox'). Otherwise just continue,
and I'll forget about whatever was undefined.

Missing character: There is no c in font nullfont!
Missing character: There is no h in font nullfont!
Missing character: There is no a in font nullfont!
Missing character: There is no r in font nullfont!
Missing character: There is no c in font nullfont!
Missing character: There is no o in font nullfont!
Missing character: There is no a in font nullfont!
Missing character: There is no l in font nullfont!

Overfull \hbox (142.26378pt too wide) in paragraph at lines 456--456
 [] 
 []


Overfull \hbox (10.22217pt too wide) in paragraph at lines 457--457
 []\OT1/cmr/m/it/10 --- 
 []


Overfull \hbox (15.21657pt too wide) in paragraph at lines 457--457
 \OT1/cmr/m/it/10 Fin 
 []


Overfull \hbox (10.47772pt too wide) in paragraph at lines 457--457
 \OT1/cmr/m/it/10 du 
 []


Overfull \hbox (13.03325pt too wide) in paragraph at lines 457--457
 \OT1/cmr/m/it/10 su- 
 []


Overfull \hbox (10.9888pt too wide) in paragraph at lines 457--457
 \OT1/cmr/m/it/10 jet 
 []


Overfull \hbox (10.22217pt too wide) in paragraph at lines 457--457
 \OT1/cmr/m/it/10 --- 
 []


Overfull \hbox (142.26378pt too wide) in paragraph at lines 458--459
 [][] 
 []

)
! Emergency stop.
<*> ...ok_Maths_Bac_Eco/examens/examen_blanc_1.tex
                                                  
*** (job aborted, no legal \end found)

 
Here is how much of TeX's memory you used:
 77 strings out of 467871
 1454 string characters out of 5417892
 444733 words of memory out of 5000000
 29051 multiletter control sequences out of 15000+600000
 628375 words of font info for 42 fonts, out of 8000000 for 9000
 1141 hyphenation exceptions out of 8191
 23i,15n,32p,213b,282s stack positions out of 10000i,1000n,20000p,200000b,200000s
!  ==> Fatal error occurred, no output PDF file produced!
